292|-326506771.61470616|[[0.5269318222999573, 0.5703242421150208], [0.5219193696975708, 0.5605343580245972], [0.5219129920005798, 0.5606236457824707], [0.5216131210327148, 0.5604745745658875], [0.5211563110351562, 0.5600758790969849], [0.5202599167823792, 0.5591049790382385], [0.5185751914978027, 0.5579226016998291], [0.5166051983833313, 0.555608332157135], [0.5145162343978882, 0.5522750020027161], [0.5112721920013428, 0.5487681031227112], [0.50980544090271, 0.5451453328132629], [0.5097837448120117, 0.5413489937782288], [0.5133107304573059, 0.5378506779670715], [0.5124987363815308, 0.5371605157852173], [0.5108115077018738, 0.5456944704055786], [0.5117077827453613, 0.555441677570343], [0.5114185214042664, 0.5634139180183411], [0.5114116072654724, 0.5700902938842773], [0.5121200680732727, 0.573367714881897], [0.5131500959396362, 0.5735076069831848], [0.5138149857521057, 0.5707395672798157], [0.5157870650291443, 0.5662124156951904], [0.517823338508606, 0.5608714818954468], [0.519660234451294, 0.552797794342041], [0.5193446278572083, 0.5468114614486694], [0.5179593563079834, 0.5464293360710144], [0.5173681974411011, 0.5478301644325256], [0.5215387940406799, 0.5418466925621033], [0.5228915214538574, 0.5377418398857117], [0.5226789712905884, 0.5356380939483643], [0.5193090438842773, 0.5360201001167297], [0.5145350694656372, 0.5352288484573364], [0.5102590322494507, 0.533939003944397], [0.5074262022972107, 0.533398449420929], [0.5054308772087097, 0.534074604511261], [0.5034932494163513, 0.5340086221694946], [0.5018266439437866, 0.5337739586830139], [0.5001959204673767, 0.5334914922714233], [0.49880504608154297, 0.5332950949668884], [0.4977620840072632, 0.533227801322937], [0.4970719814300537, 0.5331487059593201], [0.49654823541641235, 0.5330669283866882], [0.4961734116077423, 0.5329955816268921], [0.49591028690338135, 0.5329316258430481], [0.495712012052536, 0.5328695178031921], [0.49556654691696167, 0.5328090786933899], [0.49546563625335693, 0.5327515602111816], [0.49539506435394287, 0.5326963663101196], [0.49534857273101807, 0.5326434969902039], [0.495324969291687, 0.5325984358787537], [0.49531856179237366, 0.5325584411621094], [0.4953233003616333, 0.5325191617012024], [0.4953368306159973, 0.5324804782867432]]
584|-329431425.1901941|[[0.5263104438781738, 0.5662250518798828], [0.5220363140106201, 0.5593755841255188], [0.5216966867446899, 0.5592010021209717], [0.5210384726524353, 0.5589550137519836], [0.5203233361244202, 0.5587348341941833], [0.5196214318275452, 0.5582591891288757], [0.5186991095542908, 0.5571793913841248], [0.5172407031059265, 0.5558239221572876], [0.5153304934501648, 0.553334653377533], [0.5132859349250793, 0.5502797365188599], [0.5100793838500977, 0.5470705032348633], [0.5086873769760132, 0.5439267158508301], [0.5085722804069519, 0.5404082536697388], [0.5115921497344971, 0.5366527438163757], [0.511687695980072, 0.5336499810218811], [0.5101441144943237, 0.5375828146934509], [0.5112317800521851, 0.5456749200820923], [0.5122197270393372, 0.5510133504867554], [0.5125494599342346, 0.5561605095863342], [0.5134230852127075, 0.5576902031898499], [0.5148156881332397, 0.5556952953338623], [0.5160463452339172, 0.5531085133552551], [0.5174290537834167, 0.548159658908844], [0.5180085301399231, 0.5428215861320496], [0.5153906941413879, 0.5411455631256104], [0.5129754543304443, 0.5406066179275513], [0.5179547071456909, 0.5382798910140991], [0.5229920148849487, 0.5338941216468811], [0.5216743350028992, 0.5304222702980042], [0.5190303921699524, 0.5297064781188965], [0.5160512924194336, 0.5320957899093628], [0.5126111507415771, 0.5326206088066101], [0.5089127421379089, 0.5325464606285095], [0.506270170211792, 0.5319056510925293], [0.5042764544487, 0.5315955877304077], [0.5025657415390015, 0.531183660030365], [0.5011640787124634, 0.5309821963310242], [0.500092089176178, 0.5309371948242188], [0.4992496073246002, 0.5309066772460938], [0.4985910952091217, 0.5308845639228821], [0.49808600544929504, 0.530921459197998], [0.49767574667930603, 0.5309244394302368], [0.4973793923854828, 0.5309158563613892], [0.4971558153629303, 0.5309067368507385], [0.4969857335090637, 0.5308927893638611], [0.49685758352279663, 0.5308761596679688], [0.49676239490509033, 0.5308582782745361], [0.4966931641101837, 0.5308399796485901], [0.49664437770843506, 0.5308217406272888], [0.49661171436309814, 0.5308037996292114], [0.4965917468070984, 0.5307862758636475], [0.4965818226337433, 0.5307691693305969], [0.4965798258781433, 0.5307525396347046]]
876|-328903025.6233363|[[0.5264477133750916, 0.5665071606636047], [0.5220440030097961, 0.5592358708381653], [0.521773636341095, 0.5591021776199341], [0.5210780501365662, 0.5587848424911499], [0.5203325748443604, 0.5585079193115234], [0.519495964050293, 0.5579530596733093], [0.5184898972511292, 0.5568110346794128], [0.5169817805290222, 0.5551913976669312], [0.5152205228805542, 0.552617609500885], [0.5128516554832458, 0.5493549704551697], [0.5097970962524414, 0.5456865429878235], [0.5095940828323364, 0.5427038073539734], [0.5109376311302185, 0.538771390914917], [0.5127695202827454, 0.5349907279014587], [0.5116420984268188, 0.5346788167953491], [0.511311411857605, 0.542087197303772], [0.5123757123947144, 0.5492042303085327], [0.5130458474159241, 0.554882287979126], [0.5135501623153687, 0.5597476363182068], [0.5139232277870178, 0.561018168926239], [0.5150943994522095, 0.5587921142578125], [0.5160918831825256, 0.5554515719413757], [0.5178701281547546, 0.5506752133369446], [0.5191978812217712, 0.5438423156738281], [0.517743706703186, 0.54066401720047], [0.5150070786476135, 0.5423017740249634], [0.5162926912307739, 0.5403693318367004], [0.5224740505218506, 0.5358124375343323], [0.5226227045059204, 0.532206118106842], [0.5206301212310791, 0.530501127243042], [0.5172205567359924, 0.5319532155990601], [0.5137512683868408, 0.5321454405784607], [0.5100157856941223, 0.532073974609375], [0.5069059729576111, 0.5317818522453308], [0.5049973130226135, 0.5316144227981567], [0.5032973289489746, 0.5312479138374329], [0.5018290281295776, 0.531029999256134], [0.5006640553474426, 0.5309428572654724], [0.499654620885849, 0.5308848023414612], [0.49881285429000854, 0.5308500528335571], [0.49822738766670227, 0.5308599472045898], [0.4978047013282776, 0.5308444499969482], [0.49747374653816223, 0.5308190584182739], [0.497215211391449, 0.5307891368865967], [0.49701738357543945, 0.5307607054710388], [0.4968685805797577, 0.5307357907295227], [0.49675452709198, 0.530711829662323], [0.4966679811477661, 0.5306893587112427], [0.49660757184028625, 0.5306763052940369], [0.4965636134147644, 0.5306635499000549], [0.496532678604126, 0.5306511521339417], [0.49651196599006653, 0.5306391716003418], [0.4964994192123413, 0.5306276082992554]]
1168|-328838299.46374106|[[0.5263217091560364, 0.5665584802627563], [0.5219581127166748, 0.5592287182807922], [0.5217045545578003, 0.5591065287590027], [0.5210553407669067, 0.558829128742218], [0.5203595757484436, 0.5585841536521912], [0.5195791721343994, 0.558021605014801], [0.5185500979423523, 0.5568732023239136], [0.5170348286628723, 0.5552672743797302], [0.5152714252471924, 0.5526703000068665], [0.5128809213638306, 0.5494646430015564], [0.5098634958267212, 0.5457773804664612], [0.5096477270126343, 0.5427942276000977], [0.5110223889350891, 0.5389188528060913], [0.5128033757209778, 0.5351153016090393], [0.5115880966186523, 0.5348749160766602], [0.511250376701355, 0.54229336977005], [0.5123370885848999, 0.5493943691253662], [0.5130417943000793, 0.5550830364227295], [0.5135627388954163, 0.5599473118782043], [0.5139352083206177, 0.5612425804138184], [0.5150970220565796, 0.5590053200721741], [0.5161312818527222, 0.5555824041366577], [0.5179545879364014, 0.5508675575256348], [0.5193644762039185, 0.5439348816871643], [0.5179780125617981, 0.5405927896499634], [0.5152814984321594, 0.5422286987304688], [0.5163230895996094, 0.540452778339386], [0.5224204659461975, 0.5357661843299866], [0.5226449370384216, 0.5321537852287292], [0.5206900238990784, 0.5304098129272461], [0.5172991752624512, 0.5317974090576172], [0.5138174295425415, 0.5319895148277283], [0.5100860595703125, 0.5319207310676575], [0.506971538066864, 0.531673014163971], [0.5050446391105652, 0.5315030217170715], [0.5033349394798279, 0.531164824962616], [0.5018606185913086, 0.5309604406356812], [0.500701367855072, 0.5308845043182373], [0.49967193603515625, 0.530832827091217], [0.49882471561431885, 0.530799150466919], [0.49824634194374084, 0.5308066606521606], [0.4978187084197998, 0.5307940244674683], [0.49748292565345764, 0.5307714343070984], [0.49721965193748474, 0.5307443141937256], [0.4970209300518036, 0.5307214856147766], [0.4968673884868622, 0.5306992530822754], [0.4967486262321472, 0.5306779742240906], [0.4966600239276886, 0.5306627750396729], [0.4965949058532715, 0.5306521654129028], [0.4965462386608124, 0.5306418538093567], [0.4965105950832367, 0.5306318998336792], [0.49648523330688477, 0.5306223034858704], [0.49646899104118347, 0.5306137204170227]]
1460|-328206612.24699783|[[0.526488721370697, 0.5672692060470581], [0.5219811797142029, 0.5596058368682861], [0.5217570662498474, 0.5595014691352844], [0.5211867690086365, 0.5593013763427734], [0.5204878449440002, 0.5591163635253906], [0.5197741389274597, 0.5585240721702576], [0.5187036395072937, 0.5573402643203735], [0.5171281099319458, 0.5557239055633545], [0.5153023600578308, 0.5529603958129883], [0.5128747224807739, 0.5497525334358215], [0.5098743438720703, 0.545903742313385], [0.5096787214279175, 0.5428610444068909], [0.5113281607627869, 0.539089024066925], [0.51289963722229, 0.5353041291236877], [0.5114284157752991, 0.5358749032020569], [0.5113005638122559, 0.544019877910614], [0.5123574137687683, 0.5509260296821594], [0.512903094291687, 0.5568294525146484], [0.5135434865951538, 0.561568558216095], [0.5139699578285217, 0.5628422498703003], [0.5149598717689514, 0.5604438185691833], [0.516212522983551, 0.5567246675491333], [0.518102765083313, 0.5520073175430298], [0.5196588039398193, 0.5448238253593445], [0.5186209678649902, 0.5411275625228882], [0.5158255696296692, 0.5426918864250183], [0.5165292620658875, 0.5412517189979553], [0.522200345993042, 0.5363212823867798], [0.5227512121200562, 0.5325842499732971], [0.5209779143333435, 0.5306506156921387], [0.5174323320388794, 0.5319356918334961], [0.5137515068054199, 0.5320017337799072], [0.5100808143615723, 0.5318202972412109], [0.5069507360458374, 0.5318486094474792], [0.50496506690979, 0.5316639542579651], [0.503216564655304, 0.5313191413879395], [0.5017052292823792, 0.5310977697372437], [0.5004104971885681, 0.5309984087944031], [0.4993116855621338, 0.5309545397758484], [0.49843278527259827, 0.5308972597122192], [0.497811883687973, 0.5309067964553833], [0.49736765027046204, 0.5308958888053894], [0.49701932072639465, 0.5308756232261658], [0.49674975872039795, 0.5308544635772705], [0.4965384304523468, 0.5308310985565186], [0.4963796138763428, 0.5308116674423218], [0.4962666928768158, 0.5307990312576294], [0.4961795508861542, 0.5307862758636475], [0.4961127042770386, 0.5307738184928894], [0.496062695980072, 0.5307636857032776], [0.49602580070495605, 0.5307551026344299], [0.4960018992424011, 0.5307514071464539], [0.4959869086742401, 0.5307482481002808]]
1752|-328454179.68295854|[[0.5263020992279053, 0.5669214725494385], [0.5220218896865845, 0.5596687197685242], [0.5217695236206055, 0.5595749616622925], [0.5212771892547607, 0.5594358444213867], [0.5206109881401062, 0.5592566728591919], [0.5199912786483765, 0.5587481260299683], [0.5189834833145142, 0.5576666593551636], [0.5173891186714172, 0.5562262535095215], [0.5155049562454224, 0.5535641312599182], [0.5133070945739746, 0.550606369972229], [0.5101866722106934, 0.5470821857452393], [0.5094118118286133, 0.5440801978111267], [0.5096298456192017, 0.5404295325279236], [0.5123941898345947, 0.5365990996360779], [0.5117813348770142, 0.5346022248268127], [0.5103329420089722, 0.5396058559417725], [0.5113237500190735, 0.5475109219551086], [0.5124157071113586, 0.5528062582015991], [0.5130180716514587, 0.5578992962837219], [0.5135968923568726, 0.5594677925109863], [0.5149490833282471, 0.5574213862419128], [0.5162150859832764, 0.5542678236961365], [0.517906665802002, 0.5498043298721313], [0.5194734930992126, 0.5432705879211426], [0.5174404382705688, 0.5402612090110779], [0.5143944025039673, 0.5410833954811096], [0.517219066619873, 0.5383390188217163], [0.522878885269165, 0.534169614315033], [0.522189736366272, 0.5304700136184692], [0.5194855332374573, 0.5291144847869873], [0.5165179371833801, 0.5311108827590942], [0.5130103230476379, 0.531649112701416], [0.509231448173523, 0.5317719578742981], [0.5064460635185242, 0.5314050912857056], [0.504462480545044, 0.5311473608016968], [0.5026116967201233, 0.5308433771133423], [0.5011956691741943, 0.5307038426399231], [0.5000895261764526, 0.5306442379951477], [0.49918097257614136, 0.5306127071380615], [0.4984061121940613, 0.5306299924850464], [0.4978182911872864, 0.5306923985481262], [0.4974113404750824, 0.5306963920593262], [0.4971027672290802, 0.5307067036628723], [0.49686163663864136, 0.5307082533836365], [0.4966733753681183, 0.53070467710495], [0.49652665853500366, 0.5306983590126038], [0.4964126646518707, 0.530690610408783], [0.49632447957992554, 0.5306824445724487], [0.49625664949417114, 0.5306742191314697], [0.4962049126625061, 0.5306662917137146], [0.4961658716201782, 0.5306587219238281], [0.49613696336746216, 0.5306515693664551], [0.4961164593696594, 0.5306459665298462]]
2044|-328193962.4466986|[[0.526474118232727, 0.567129373550415], [0.522100031375885, 0.5598417520523071], [0.5218603610992432, 0.5597813725471497], [0.5214022994041443, 0.5596713423728943], [0.5207608342170715, 0.5594661831855774], [0.5202346444129944, 0.5589557886123657], [0.519207239151001, 0.5579284429550171], [0.5175209641456604, 0.5565886497497559], [0.5156121850013733, 0.5539202690124512], [0.5134673714637756, 0.550931990146637], [0.5102829337120056, 0.5475494861602783], [0.5092265605926514, 0.5444120764732361], [0.5092535018920898, 0.5408840179443359], [0.5121577382087708, 0.5371624231338501], [0.511836588382721, 0.5345475673675537], [0.5101229548454285, 0.5388083457946777], [0.511120080947876, 0.5469034314155579], [0.5122215747833252, 0.5521020889282227], [0.5127996802330017, 0.5572546124458313], [0.5135125517845154, 0.5589024424552917], [0.5149056911468506, 0.5568500757217407], [0.516312301158905, 0.553855299949646], [0.5179767608642578, 0.5493061542510986], [0.5194140076637268, 0.5429130792617798], [0.517187237739563, 0.5401846170425415], [0.5142384767532349, 0.5406211614608765], [0.5177361965179443, 0.5379650592803955], [0.5229971408843994, 0.53350430727005], [0.521902859210968, 0.5300654768943787], [0.5191838145256042, 0.5288885831832886], [0.5162426233291626, 0.5310147404670715], [0.5126709938049316, 0.5316387414932251], [0.5089279413223267, 0.5317544937133789], [0.506206750869751, 0.5314232110977173], [0.5042299628257751, 0.5311678647994995], [0.5024120807647705, 0.5308327674865723], [0.5009822845458984, 0.5306688547134399], [0.4998836815357208, 0.5306101441383362], [0.49899551272392273, 0.5305805206298828], [0.4982306957244873, 0.5305998921394348], [0.49764636158943176, 0.5306623578071594], [0.4972204864025116, 0.5307005643844604], [0.49691319465637207, 0.5307113528251648], [0.49667277932167053, 0.5307134389877319], [0.49648481607437134, 0.5307105183601379], [0.4963380992412567, 0.5307047963142395], [0.4962238073348999, 0.530697762966156], [0.4961351454257965, 0.5306902527809143], [0.496066689491272, 0.5306826829910278], [0.49601417779922485, 0.5306754112243652], [0.4959767162799835, 0.5306703448295593], [0.4959501028060913, 0.5306662321090698], [0.4959307909011841, 0.5306621193885803]]
2336|-328171346.8409802|[[0.5266110897064209, 0.5672407746315002], [0.5220938324928284, 0.5600740909576416], [0.5218502879142761, 0.5600423216819763], [0.5213931798934937, 0.5599731802940369], [0.5209455490112305, 0.5596229434013367], [0.5204477310180664, 0.5591899752616882], [0.5194472074508667, 0.558229386806488], [0.5177786350250244, 0.5570213794708252], [0.5158242583274841, 0.5546104907989502], [0.5136898756027222, 0.5514383316040039], [0.5106658935546875, 0.5485199689865112], [0.5086244940757751, 0.5450984835624695], [0.5085234045982361, 0.5416203141212463], [0.5111368298530579, 0.5383226275444031], [0.5119627714157104, 0.534568190574646], [0.5097044706344604, 0.5369793176651001], [0.5106236338615417, 0.5447195768356323], [0.5115859508514404, 0.5497429370880127], [0.5121399760246277, 0.554958701133728], [0.5130341649055481, 0.5569965839385986], [0.5147109031677246, 0.5551658868789673], [0.5163034200668335, 0.5525588989257812], [0.5179617404937744, 0.5479371547698975], [0.5187382698059082, 0.5421072244644165], [0.5156768560409546, 0.5405082702636719], [0.5140190124511719, 0.5391064882278442], [0.5190588235855103, 0.5372662544250488], [0.5230763554573059, 0.5322406888008118], [0.5208697319030762, 0.5291815996170044], [0.5183605551719666, 0.5288305282592773], [0.5155089497566223, 0.5310754179954529], [0.511834979057312, 0.531825602054596], [0.5081861615180969, 0.531909167766571], [0.505600094795227, 0.5315911769866943], [0.503618061542511, 0.5314256548881531], [0.5018378496170044, 0.5310235023498535], [0.5004619359970093, 0.5307875871658325], [0.49936091899871826, 0.5307164192199707], [0.4985460638999939, 0.5306868553161621], [0.4978713393211365, 0.5307335257530212], [0.497338205575943, 0.5308031439781189], [0.4968888461589813, 0.5308616757392883], [0.49654924869537354, 0.5308935642242432], [0.4963044226169586, 0.5309006571769714], [0.4961126446723938, 0.5309033393859863], [0.4959664046764374, 0.5309046506881714], [0.4958568513393402, 0.530905544757843], [0.4957736134529114, 0.530907928943634], [0.4957110583782196, 0.5309114456176758], [0.49566346406936646, 0.5309135317802429], [0.49562835693359375, 0.5309156179428101], [0.4956023395061493, 0.5309164524078369], [0.49558356404304504, 0.5309163331985474]]
2628|-328604479.4702591|[[0.5265254974365234, 0.5669009685516357], [0.5220268368721008, 0.5597875714302063], [0.5217733979225159, 0.5597137212753296], [0.5212268829345703, 0.5595526695251465], [0.5205952525138855, 0.5593075156211853], [0.5200203061103821, 0.5588584542274475], [0.5191091299057007, 0.5578415989875793], [0.5174720287322998, 0.5566384792327881], [0.5156131386756897, 0.5541348457336426], [0.5135724544525146, 0.5509580969810486], [0.5104150772094727, 0.5477725863456726], [0.5088122487068176, 0.5444650650024414], [0.508621096611023, 0.5409322381019592], [0.5116643309593201, 0.5374234914779663], [0.5119071006774902, 0.5341304540634155], [0.5100871324539185, 0.5374135375022888], [0.5110921859741211, 0.5455664396286011], [0.5120701193809509, 0.5505925416946411], [0.5126695036888123, 0.555785059928894], [0.5134070515632629, 0.557626485824585], [0.5148711204528809, 0.5557116866111755], [0.5162754058837891, 0.552937388420105], [0.5177896022796631, 0.5481493473052979], [0.5188920497894287, 0.5422877669334412], [0.5163620114326477, 0.5400426387786865], [0.5139076113700867, 0.5398607850074768], [0.5182470679283142, 0.537651538848877], [0.5230080485343933, 0.5328605771064758], [0.5214819312095642, 0.5296469330787659], [0.5188443064689636, 0.5288782119750977], [0.5158568024635315, 0.531141996383667], [0.5122739672660828, 0.5317927598953247], [0.508587121963501, 0.5318769216537476], [0.5059728026390076, 0.5315332412719727], [0.5040152072906494, 0.5312686562538147], [0.5022453665733337, 0.5309073328971863], [0.5008352398872375, 0.5307113528251648], [0.49975699186325073, 0.5306540131568909], [0.4989093244075775, 0.5306329727172852], [0.49818673729896545, 0.5306429862976074], [0.49761340022087097, 0.5307052135467529], [0.4971736967563629, 0.5307630300521851], [0.49685660004615784, 0.5307812690734863], [0.49661359190940857, 0.5307852029800415], [0.4964226484298706, 0.5307839512825012], [0.49627286195755005, 0.5307799577713013], [0.4961545765399933, 0.5307744741439819], [0.4960601031780243, 0.5307684540748596], [0.4959867596626282, 0.5307623147964478], [0.4959300756454468, 0.5307562947273254], [0.4958866536617279, 0.530750572681427], [0.4958546757698059, 0.5307466387748718], [0.495830774307251, 0.5307427048683167]]
2920|-328268913.8474758|[[0.5266188383102417, 0.567135214805603], [0.5220786333084106, 0.5598682165145874], [0.5218468308448792, 0.5598222613334656], [0.5213353633880615, 0.5596847534179688], [0.520758330821991, 0.5594021677970886], [0.5201898217201233, 0.5589570999145508], [0.5192410945892334, 0.5579497218132019], [0.5175314545631409, 0.5567194819450378], [0.5156368613243103, 0.5541448593139648], [0.5135427713394165, 0.5509926676750183], [0.5103223919868469, 0.5477107167243958], [0.5089259147644043, 0.5444267392158508], [0.5088326930999756, 0.5408993363380432], [0.5119179487228394, 0.5372161269187927], [0.5118767023086548, 0.5342909693717957], [0.5101519227027893, 0.5382738709449768], [0.5111947059631348, 0.5463809370994568], [0.5122656226158142, 0.551613986492157], [0.5128151774406433, 0.5567070245742798], [0.5135334730148315, 0.5583548545837402], [0.5149383544921875, 0.5563074946403503], [0.5162490010261536, 0.5533939003944397], [0.5178492665290833, 0.5486282110214233], [0.5191103219985962, 0.5424810647964478], [0.5168333649635315, 0.5400371551513672], [0.5140995979309082, 0.540306806564331], [0.5179305076599121, 0.5377168655395508], [0.5229783654212952, 0.5332874059677124], [0.5217370390892029, 0.5299884676933289], [0.5191112756729126, 0.5289196968078613], [0.5160067081451416, 0.5311874747276306], [0.5124059319496155, 0.5316699743270874], [0.5087117552757263, 0.5318503379821777], [0.5060457587242126, 0.53155916929245], [0.5041176676750183, 0.5312681198120117], [0.5022674202919006, 0.5309491157531738], [0.500873863697052, 0.5307939648628235], [0.4997789263725281, 0.5307374596595764], [0.49886539578437805, 0.5306851863861084], [0.4980848431587219, 0.5307064056396484], [0.4974863827228546, 0.5307587385177612], [0.4970129728317261, 0.5307855010032654], [0.49669137597084045, 0.5307841300964355], [0.49644991755485535, 0.530787467956543], [0.4962606430053711, 0.5307857394218445], [0.4961123764514923, 0.5307812690734863], [0.4959963858127594, 0.5307754874229431], [0.49590587615966797, 0.5307691693305969], [0.49583542346954346, 0.5307628512382507], [0.4957811236381531, 0.5307574272155762], [0.4957398772239685, 0.5307535529136658], [0.4957098364830017, 0.5307506322860718], [0.4956898093223572, 0.5307491421699524]]
3212|-328007086.4704168|[[0.5266593098640442, 0.5673514604568481], [0.5221105813980103, 0.5600117444992065], [0.5218888521194458, 0.5599849820137024], [0.5214150547981262, 0.5598880648612976], [0.520908534526825, 0.5595735311508179], [0.5203709006309509, 0.5591219663619995], [0.5193695425987244, 0.5581279397010803], [0.5176342129707336, 0.5568802356719971], [0.515705943107605, 0.5542958378791809], [0.5135654211044312, 0.5511771440505981], [0.5103586316108704, 0.5479162335395813], [0.5089699625968933, 0.5446274280548096], [0.5088965892791748, 0.5411407947540283], [0.5119023323059082, 0.537449836730957], [0.5118820071220398, 0.5344889760017395], [0.5100551247596741, 0.5383430123329163], [0.5110743045806885, 0.546514093875885], [0.5121557712554932, 0.5516608357429504], [0.5127368569374084, 0.5568425059318542], [0.5134958028793335, 0.5585097074508667], [0.5149105191230774, 0.5564423203468323], [0.516308069229126, 0.5535006523132324], [0.5179392695426941, 0.5487685799598694], [0.5192312002182007, 0.5425623059272766], [0.5169224739074707, 0.5400524735450745], [0.514202892780304, 0.5402863025665283], [0.5180388689041138, 0.5377059578895569], [0.5230079293251038, 0.533146321773529], [0.5217050909996033, 0.5298776030540466], [0.5190555453300476, 0.5288224220275879], [0.5159682035446167, 0.5310738682746887], [0.5123308897018433, 0.5316137671470642], [0.5086137652397156, 0.5317859053611755], [0.5059775710105896, 0.5315268635749817], [0.5040093660354614, 0.5312540531158447], [0.5021746158599854, 0.5309087038040161], [0.5007675886154175, 0.530751645565033], [0.4996686577796936, 0.5306947827339172], [0.49874547123908997, 0.5306518077850342], [0.49796420335769653, 0.5306797623634338], [0.4973633885383606, 0.5307324528694153], [0.49689120054244995, 0.5307618379592896], [0.4965788722038269, 0.5307757258415222], [0.4963361322879791, 0.5307793617248535], [0.49614575505256653, 0.5307778716087341], [0.49599650502204895, 0.5307736992835999], [0.4958796799182892, 0.530768096446991], [0.4957883358001709, 0.5307620763778687], [0.4957176148891449, 0.5307570695877075], [0.49566328525543213, 0.5307535529136658], [0.495621919631958, 0.5307502746582031], [0.49559465050697327, 0.5307496190071106], [0.49557650089263916, 0.5307498574256897]]
3504|-327881981.6021219|[[0.5266889333724976, 0.5674810409545898], [0.5220988392829895, 0.5600258708000183], [0.5218896269798279, 0.5600059032440186], [0.5214115381240845, 0.5599033832550049], [0.5208987593650818, 0.5595887303352356], [0.5203454494476318, 0.5591250061988831], [0.5193279385566711, 0.5581172704696655], [0.5175607204437256, 0.5568454265594482], [0.5156335234642029, 0.5541709065437317], [0.5134862065315247, 0.551074743270874], [0.5102404356002808, 0.5476423501968384], [0.5090979337692261, 0.5444384813308716], [0.5092403292655945, 0.540864884853363], [0.5121982097625732, 0.5370320677757263], [0.5118861198425293, 0.5346376895904541], [0.5102471113204956, 0.5394025444984436], [0.5112953782081604, 0.5474120378494263], [0.5124028325080872, 0.552756130695343], [0.513001561164856, 0.5578581094741821], [0.5136181712150574, 0.5593735575675964], [0.5149641036987305, 0.5572139620780945], [0.5162197947502136, 0.5540944933891296], [0.5179811716079712, 0.549463152885437], [0.5194233655929565, 0.5429188013076782], [0.5174010992050171, 0.540120005607605], [0.5144670605659485, 0.5408678650856018], [0.5177295207977295, 0.5380857586860657], [0.5229302048683167, 0.5338688492774963], [0.522003710269928, 0.5303512215614319], [0.5193541049957275, 0.5289816856384277], [0.5161938071250916, 0.5312175750732422], [0.5125510692596436, 0.5315569639205933], [0.5088293552398682, 0.5317703485488892], [0.5060539841651917, 0.5315459966659546], [0.5041083097457886, 0.5312991738319397], [0.5022502541542053, 0.5309853553771973], [0.5008339285850525, 0.5308308005332947], [0.49971529841423035, 0.5307732820510864], [0.49870437383651733, 0.5307258367538452], [0.4979066848754883, 0.5307409763336182], [0.49729493260383606, 0.5307949781417847], [0.4968155026435852, 0.530819833278656], [0.4964766800403595, 0.5308026671409607], [0.49621719121932983, 0.5307925939559937], [0.49602577090263367, 0.530791699886322], [0.49587562680244446, 0.5307879447937012], [0.49575796723365784, 0.5307827591896057], [0.49567094445228577, 0.5307800769805908], [0.4956098198890686, 0.53078293800354], [0.49556252360343933, 0.5307843685150146], [0.49552616477012634, 0.5307847857475281], [0.495498389005661, 0.5307844281196594], [0.4954773783683777, 0.5307835340499878]]
3796|-327975091.2067332|[[0.5266579985618591, 0.567391037940979], [0.5220956802368164, 0.5600552558898926], [0.5218808650970459, 0.5600458383560181], [0.5214377045631409, 0.5599796175956726], [0.5209940671920776, 0.5596222877502441], [0.5204774141311646, 0.5591812133789062], [0.5194441080093384, 0.5582115054130554], [0.5177319049835205, 0.5569692850112915], [0.5157677531242371, 0.5544483065605164], [0.5136044025421143, 0.5513184666633606], [0.5104601383209229, 0.5481827259063721], [0.5088440179824829, 0.5448434352874756], [0.508766233921051, 0.5413259267807007], [0.5116450786590576, 0.5377680659294128], [0.5119250416755676, 0.5345233678817749], [0.5099050998687744, 0.5378479957580566], [0.5109260082244873, 0.5460752844810486], [0.511938750743866, 0.551075279712677], [0.512590229511261, 0.5564000010490417], [0.5133981108665466, 0.5581557154655457], [0.5148494243621826, 0.5561119318008423], [0.516355037689209, 0.5532780885696411], [0.517966091632843, 0.548498272895813], [0.5191378593444824, 0.5424657464027405], [0.5166335701942444, 0.5400888323783875], [0.5141425728797913, 0.5399904847145081], [0.518298327922821, 0.5376563668251038], [0.5230517387390137, 0.5328272581100464], [0.5215166807174683, 0.5296245813369751], [0.5188599228858948, 0.5287550687789917], [0.515823483467102, 0.5310277342796326], [0.5121839046478271, 0.531644344329834], [0.5084481835365295, 0.531779408454895], [0.5058574676513672, 0.5315091609954834], [0.5038772821426392, 0.5312607288360596], [0.5020876526832581, 0.5308840870857239], [0.5006713271141052, 0.5307027697563171], [0.49958065152168274, 0.5306464433670044], [0.4987029731273651, 0.5306140184402466], [0.49792903661727905, 0.5306451916694641], [0.49733641743659973, 0.53070068359375], [0.49688804149627686, 0.5307567119598389], [0.4965699017047882, 0.5307759642601013], [0.4963284134864807, 0.5307798385620117], [0.4961388409137726, 0.530778706073761], [0.4959900677204132, 0.5307748913764954], [0.49587053060531616, 0.5307702422142029], [0.49577587842941284, 0.5307651162147522], [0.495702862739563, 0.5307616591453552], [0.495649129152298, 0.5307597517967224], [0.49561014771461487, 0.530760645866394], [0.4955807328224182, 0.5307614803314209], [0.49555841088294983, 0.5307615399360657]]
4088|-327913105.2143132|[[0.5266342163085938, 0.5674195885658264], [0.522083044052124, 0.5600329041481018], [0.5218834280967712, 0.5600365400314331], [0.5214626789093018, 0.5599814653396606], [0.5210222601890564, 0.559623122215271], [0.5205180644989014, 0.5591657757759094], [0.5194447636604309, 0.5582014322280884], [0.5177217721939087, 0.556943953037262], [0.5157546997070312, 0.5543777942657471], [0.513576328754425, 0.5512893199920654], [0.5103961229324341, 0.5481052398681641], [0.5089177489280701, 0.5448033213615417], [0.508908212184906, 0.5413129329681396], [0.5117923617362976, 0.5376452207565308], [0.5118811130523682, 0.5345875024795532], [0.5099490880966187, 0.538235604763031], [0.5109682679176331, 0.5464327335357666], [0.5120347142219543, 0.551514208316803], [0.5126632452011108, 0.5567922592163086], [0.5134899020195007, 0.5584608912467957], [0.5149046182632446, 0.5563501715660095], [0.5163882374763489, 0.5534400939941406], [0.5180258750915527, 0.5486853122711182], [0.5192806720733643, 0.5425153970718384], [0.5169216394424438, 0.5400253534317017], [0.5142760276794434, 0.5402129888534546], [0.5181256532669067, 0.5376625657081604], [0.5230269432067871, 0.5330052971839905], [0.521662712097168, 0.5297663807868958], [0.5190060138702393, 0.528738796710968], [0.5159311294555664, 0.5309875011444092], [0.5122859477996826, 0.5315465927124023], [0.5085620880126953, 0.5317159295082092], [0.5059397220611572, 0.5314745306968689], [0.5039663910865784, 0.5312165021896362], [0.5021407604217529, 0.5308681726455688], [0.5007312297821045, 0.5307121276855469], [0.49963244795799255, 0.5306553840637207], [0.49870485067367554, 0.5306170582771301], [0.49792397022247314, 0.5306469798088074], [0.49732279777526855, 0.5307000875473022], [0.496859073638916, 0.5307392477989197], [0.4965488314628601, 0.5307519435882568], [0.4963052570819855, 0.5307560563087463], [0.49611395597457886, 0.5307551622390747], [0.4959637522697449, 0.5307515263557434], [0.4958459138870239, 0.530746579170227], [0.49575361609458923, 0.5307411551475525], [0.4956825077533722, 0.5307384133338928], [0.49562713503837585, 0.530735433101654], [0.4955894351005554, 0.5307352542877197], [0.495565265417099, 0.5307389497756958], [0.49554702639579773, 0.530741274356842]]
4380|-327725299.57733315|[[0.5266602039337158, 0.5675621032714844], [0.522087812423706, 0.5601343512535095], [0.5219156742095947, 0.5601759552955627], [0.5215498805046082, 0.5601374506950378], [0.5211613178253174, 0.5597451329231262], [0.520682692527771, 0.5592846870422363], [0.5195385813713074, 0.5583406090736389], [0.5178233981132507, 0.5570709109306335], [0.5158072710037231, 0.554511547088623], [0.5135996341705322, 0.5514518618583679], [0.5104343295097351, 0.5483241081237793], [0.5088783502578735, 0.5450034737586975], [0.5088988542556763, 0.5415369272232056], [0.5116931796073914, 0.5378812551498413], [0.511917769908905, 0.5347492694854736], [0.5098139643669128, 0.5382530689239502], [0.5108526945114136, 0.5464410185813904], [0.5118952393531799, 0.5514603853225708], [0.512573778629303, 0.5568523406982422], [0.5134372115135193, 0.558536946773529], [0.5148648023605347, 0.5563912987709045], [0.5164301991462708, 0.5534976720809937], [0.5180922746658325, 0.5487561821937561], [0.5193260908126831, 0.5425913333892822], [0.516905665397644, 0.5400771498680115], [0.5143188834190369, 0.5401521921157837], [0.5182505249977112, 0.5376663208007812], [0.5230661630630493, 0.5328736305236816], [0.5216029286384583, 0.5296460390090942], [0.5189223289489746, 0.5286641120910645], [0.5158737897872925, 0.5309193730354309], [0.5122120976448059, 0.5315085649490356], [0.5084584951400757, 0.531671941280365], [0.5058521628379822, 0.5314537286758423], [0.5038644671440125, 0.5312114953994751], [0.502060055732727, 0.5308377742767334], [0.5006374716758728, 0.5306761860847473], [0.49953752756118774, 0.5306193232536316], [0.4986114203929901, 0.5305888652801514], [0.49783140420913696, 0.5306240320205688], [0.4972304701805115, 0.5306779146194458], [0.4967775046825409, 0.5307338833808899], [0.4964658319950104, 0.5307473540306091], [0.49622178077697754, 0.5307515859603882], [0.4960300922393799, 0.5307508111000061], [0.49587953090667725, 0.5307473540306091], [0.49576130509376526, 0.5307425260543823], [0.49567127227783203, 0.5307397842407227], [0.4956054091453552, 0.5307400226593018], [0.49555641412734985, 0.5307433009147644], [0.4955212473869324, 0.5307469367980957], [0.49549683928489685, 0.5307507514953613], [0.4954783320426941, 0.5307532548904419]]
4672|-327757446.98790634|[[0.526621401309967, 0.5675527453422546], [0.522077739238739, 0.5600776076316833], [0.521896481513977, 0.5600974559783936], [0.5215083956718445, 0.5600646734237671], [0.5210763812065125, 0.55970299243927], [0.5205897092819214, 0.5592200756072998], [0.5194554924964905, 0.5582568049430847], [0.5177146196365356, 0.5569766163825989], [0.5157414078712463, 0.5543364882469177], [0.5135449767112732, 0.5513131022453308], [0.5103523135185242, 0.5480431914329529], [0.5090283155441284, 0.5448054075241089], [0.5091041326522827, 0.5413640141487122], [0.5119800567626953, 0.5375717878341675], [0.5118618011474609, 0.5347727537155151], [0.5099782943725586, 0.5388218760490417], [0.5109806060791016, 0.5469946265220642], [0.5121014714241028, 0.552135705947876], [0.512729287147522, 0.5573628544807434], [0.5135202407836914, 0.5589988827705383], [0.514914870262146, 0.5568307638168335], [0.516396701335907, 0.553800642490387], [0.518110990524292, 0.5491637587547302], [0.5195119380950928, 0.542731761932373], [0.5172733068466187, 0.5400479435920715], [0.5144668817520142, 0.5404864549636841], [0.517981767654419, 0.5377521514892578], [0.5230283141136169, 0.533258855342865], [0.5218086838722229, 0.5299125909805298], [0.5191212892532349, 0.5287147760391235], [0.5160580277442932, 0.5309210419654846], [0.512397289276123, 0.5314444303512573], [0.5086572766304016, 0.5316451191902161], [0.5059994459152222, 0.5314227342605591], [0.5040124654769897, 0.5311758518218994], [0.5021630525588989, 0.5308414697647095], [0.5007477402687073, 0.5306923389434814], [0.4996381402015686, 0.5306351780891418], [0.49867120385169983, 0.5305975675582886], [0.49788323044776917, 0.5306299924850464], [0.4972759783267975, 0.5306838750839233], [0.4968143403530121, 0.5307153463363647], [0.4965006709098816, 0.5307285189628601], [0.49625423550605774, 0.5307329893112183], [0.4960606098175049, 0.5307323932647705], [0.4959084689617157, 0.5307290554046631], [0.4957889914512634, 0.5307243466377258], [0.4956958293914795, 0.530720591545105], [0.4956253170967102, 0.5307187438011169], [0.4955770969390869, 0.5307208895683289], [0.4955446124076843, 0.5307266712188721], [0.4955197274684906, 0.5307307243347168], [0.495500773191452, 0.5307334065437317]]
4964|-327773512.81950676|[[0.5265934467315674, 0.567542314529419], [0.5220620632171631, 0.5600282549858093], [0.5218725800514221, 0.5600336194038391], [0.5214799642562866, 0.5599867105484009], [0.5209946036338806, 0.5596648454666138], [0.5204969048500061, 0.5591619610786438], [0.5193716883659363, 0.5581778287887573], [0.5176028609275818, 0.5568843483924866], [0.5156684517860413, 0.5541607141494751], [0.5134626626968384, 0.5511593818664551], [0.5102770328521729, 0.5477498173713684], [0.5091971755027771, 0.5445858240127563], [0.5093981623649597, 0.5410675406455994], [0.5122376084327698, 0.5372024178504944], [0.5118513107299805, 0.5348306894302368], [0.5101478695869446, 0.5394899249076843], [0.5111716389656067, 0.5475455522537231], [0.5123224258422852, 0.5528331995010376], [0.5129501223564148, 0.5579476952552795], [0.5136271119117737, 0.559506356716156], [0.5149701833724976, 0.5573239326477051], [0.5163580179214478, 0.5541288256645203], [0.5181422233581543, 0.5495745539665222], [0.5196340084075928, 0.542941689491272], [0.5176111459732056, 0.5399754643440247], [0.5147244930267334, 0.540827214717865], [0.5177263617515564, 0.538017988204956], [0.522958517074585, 0.5337408781051636], [0.5220364332199097, 0.5302109718322754], [0.5193611979484558, 0.5287920236587524], [0.5162584781646729, 0.5309757590293884], [0.5126011371612549, 0.5313399434089661], [0.5088629722595215, 0.5315706729888916], [0.5061162114143372, 0.5313787460327148], [0.5041447877883911, 0.5311607122421265], [0.5022660493850708, 0.5308471322059631], [0.5008577704429626, 0.5307129621505737], [0.4997364580631256, 0.5306553244590759], [0.4987116754055023, 0.5306136608123779], [0.4979137182235718, 0.5306379795074463], [0.4972999691963196, 0.5306925177574158], [0.49683693051338196, 0.5307062864303589], [0.4965074956417084, 0.5307040214538574], [0.49625828862190247, 0.5307087302207947], [0.49606406688690186, 0.5307084918022156], [0.4959123134613037, 0.5307053923606873], [0.49579304456710815, 0.5307009220123291], [0.49570006132125854, 0.5306977033615112], [0.49563512206077576, 0.5306999683380127], [0.4955872893333435, 0.5307024717330933], [0.49555307626724243, 0.5307055711746216], [0.49552783370018005, 0.5307098627090454], [0.4955085813999176, 0.5307127237319946]]
5256|-398529556.13222873|[[0.48929503560066223, 0.5526314973831177], [0.4851246178150177, 0.5443965196609497], [0.4860334098339081, 0.5448400974273682], [0.48696956038475037, 0.545120358467102], [0.48782825469970703, 0.5454352498054504], [0.4885624349117279, 0.5454753637313843], [0.48922282457351685, 0.5452596545219421], [0.4900602400302887, 0.5442554354667664], [0.49094343185424805, 0.5426945686340332], [0.49188920855522156, 0.5419955849647522], [0.49317920207977295, 0.5393403172492981], [0.49588003754615784, 0.5368964672088623], [0.5013675689697266, 0.5346758365631104], [0.505010187625885, 0.5329456925392151], [0.5042709112167358, 0.5389805436134338], [0.5066661238670349, 0.5506852269172668], [0.506171703338623, 0.5606984496116638], [0.5051040649414062, 0.5716732740402222], [0.5065923929214478, 0.5800400376319885], [0.5077735185623169, 0.5860779881477356], [0.5108734965324402, 0.5873205661773682], [0.5138407945632935, 0.581865668296814], [0.5182331800460815, 0.5745240449905396], [0.5213272571563721, 0.5661334991455078], [0.5232393741607666, 0.5535919070243835], [0.5226888656616211, 0.546030580997467], [0.5211809873580933, 0.5442629456520081], [0.5231816172599792, 0.5397182106971741], [0.5262690782546997, 0.5303834676742554], [0.5276207327842712, 0.5241832733154297], [0.527618944644928, 0.5213997960090637], [0.5243039131164551, 0.5200576782226562], [0.5202104449272156, 0.5180816650390625], [0.5166524052619934, 0.5168805122375488], [0.5141397714614868, 0.5165745615959167], [0.5120887756347656, 0.5171456336975098], [0.5103936791419983, 0.5171763896942139], [0.508778989315033, 0.5170997381210327], [0.5073850750923157, 0.5170143246650696], [0.5062767863273621, 0.516910195350647], [0.5053787231445312, 0.5167616009712219], [0.5046692490577698, 0.5166469812393188], [0.5041326284408569, 0.5165709257125854], [0.5037063956260681, 0.5165103673934937], [0.5033950209617615, 0.5164385437965393], [0.5031587481498718, 0.5163703560829163], [0.5029652714729309, 0.5163082480430603], [0.5028106570243835, 0.5162574052810669], [0.5026874542236328, 0.5162164568901062], [0.5025895833969116, 0.5161834955215454], [0.5025119185447693, 0.5161570310592651], [0.5024504065513611, 0.5161358118057251], [0.5024018287658691, 0.5161188840866089]]
5548|-528300998.47555226|[[0.4381154179573059, 0.5248982906341553], [0.4369109272956848, 0.5180269479751587], [0.43958890438079834, 0.519389271736145], [0.44201216101646423, 0.5206173658370972], [0.4444009065628052, 0.5218672156333923], [0.447003036737442, 0.5229746699333191], [0.44988754391670227, 0.5242244005203247], [0.4533722698688507, 0.5255274772644043], [0.45710673928260803, 0.5271931290626526], [0.4622739553451538, 0.5283126831054688], [0.471377432346344, 0.5266065001487732], [0.47882020473480225, 0.5241726040840149], [0.4909990429878235, 0.5232237577438354], [0.4943719804286957, 0.5255663394927979], [0.49748244881629944, 0.5371817350387573], [0.49495238065719604, 0.5478495359420776], [0.4921010136604309, 0.5600133538246155], [0.4914407730102539, 0.5717572569847107], [0.4930383861064911, 0.5823208093643188], [0.49627578258514404, 0.5907096862792969], [0.5027144551277161, 0.5936294198036194], [0.5098190903663635, 0.5894849896430969], [0.5178893804550171, 0.5803053379058838], [0.5282399654388428, 0.5697238445281982], [0.5333907604217529, 0.559855580329895], [0.5365642309188843, 0.5452967882156372], [0.5363088250160217, 0.5356665253639221], [0.5365973711013794, 0.5339803099632263], [0.5367230176925659, 0.5335791110992432], [0.5332058668136597, 0.5259237885475159], [0.5302773118019104, 0.5168069005012512], [0.5278300046920776, 0.5129609107971191], [0.5244251489639282, 0.5106032490730286], [0.520254909992218, 0.5096989274024963], [0.516944944858551, 0.5087152123451233], [0.5139445066452026, 0.5081478357315063], [0.5110037922859192, 0.5081552267074585], [0.508474588394165, 0.5082729458808899], [0.5065739154815674, 0.5084499716758728], [0.5050891637802124, 0.5084910988807678], [0.5036945939064026, 0.5083282589912415], [0.5025366544723511, 0.5082458257675171], [0.501683235168457, 0.5081833600997925], [0.5010216236114502, 0.508124053478241], [0.5004922151565552, 0.5080689787864685], [0.5000893473625183, 0.5080235004425049], [0.4997878968715668, 0.5079970359802246], [0.4995484948158264, 0.5079755783081055], [0.4993719458580017, 0.5079534649848938], [0.4992341995239258, 0.5079342126846313], [0.4991243779659271, 0.5079182982444763], [0.4990369379520416, 0.5079053640365601], [0.4989674389362335, 0.5078948736190796]]
5840|-532016979.7203319|[[0.4420759379863739, 0.509960949420929], [0.4410024583339691, 0.5049092769622803], [0.44342392683029175, 0.50657719373703], [0.445701003074646, 0.5083178281784058], [0.44785499572753906, 0.5101584196090698], [0.4502516984939575, 0.5120035409927368], [0.4531714618206024, 0.5139665007591248], [0.4568057358264923, 0.5165736079216003], [0.46026134490966797, 0.5194794535636902], [0.46468669176101685, 0.5216671228408813], [0.4729163646697998, 0.5215129852294922], [0.4799012541770935, 0.51987624168396], [0.49232250452041626, 0.5171030163764954], [0.4974564015865326, 0.5135515928268433], [0.5020095705986023, 0.5160413980484009], [0.5021846294403076, 0.5186823606491089], [0.5020051002502441, 0.5235040783882141], [0.5019384622573853, 0.528146505355835], [0.5023020505905151, 0.5365158319473267], [0.5030103921890259, 0.5447663068771362], [0.5076586604118347, 0.546933114528656], [0.5133430361747742, 0.5443732738494873], [0.5193214416503906, 0.5376410484313965], [0.5280017256736755, 0.5308040976524353], [0.5345759987831116, 0.5259504914283752], [0.5371807217597961, 0.5184534192085266], [0.5364930629730225, 0.517200767993927], [0.5347801446914673, 0.5204218626022339], [0.5331609845161438, 0.5208444595336914], [0.5295501947402954, 0.5163791179656982], [0.5273179411888123, 0.5099816918373108], [0.5256317257881165, 0.5085967183113098], [0.5227417945861816, 0.5082016587257385], [0.5180795192718506, 0.5084866285324097], [0.5147842764854431, 0.5081897974014282], [0.5117128491401672, 0.507750928401947], [0.5087952613830566, 0.507836639881134], [0.5064540505409241, 0.5080099701881409], [0.5047562122344971, 0.5084220170974731], [0.5031964778900146, 0.5087226033210754], [0.5019347667694092, 0.5087554454803467], [0.500916063785553, 0.5086638331413269], [0.5001200437545776, 0.5085198879241943], [0.4995326101779938, 0.508382260799408], [0.49905961751937866, 0.5082492232322693], [0.49868252873420715, 0.5081438422203064], [0.49838510155677795, 0.5080649852752686], [0.49814721941947937, 0.5080006122589111], [0.4979572892189026, 0.5079483985900879], [0.4978058338165283, 0.5079063177108765], [0.4976852834224701, 0.507872462272644], [0.4975825846195221, 0.507843554019928], [0.4975007474422455, 0.5078228116035461]]
6132|-553876185.5143374|[[0.4443683624267578, 0.4869806170463562], [0.4425734877586365, 0.4848310053348541], [0.4446661174297333, 0.48703664541244507], [0.44667649269104004, 0.48931798338890076], [0.44876453280448914, 0.49192437529563904], [0.45112475752830505, 0.49487242102622986], [0.45411917567253113, 0.49787718057632446], [0.4577134847640991, 0.5011268854141235], [0.4616202116012573, 0.5048442482948303], [0.46601027250289917, 0.5084455609321594], [0.4731754660606384, 0.5098334550857544], [0.47997739911079407, 0.509453535079956], [0.4920250177383423, 0.5057045221328735], [0.49753326177597046, 0.4982452988624573], [0.5018177032470703, 0.49257662892341614], [0.5033560395240784, 0.48751941323280334], [0.5044844150543213, 0.485236257314682], [0.5038408041000366, 0.4842705726623535], [0.5034455060958862, 0.488830029964447], [0.5041084289550781, 0.4963112771511078], [0.507148802280426, 0.49783939123153687], [0.5094301700592041, 0.4965129792690277], [0.5133985877037048, 0.49074989557266235], [0.5208624601364136, 0.4875507652759552], [0.5282942056655884, 0.48776406049728394], [0.5322262048721313, 0.48794448375701904], [0.5308054089546204, 0.4936083257198334], [0.5288405418395996, 0.5022820234298706], [0.5275483131408691, 0.5065000057220459], [0.5239517688751221, 0.5068685412406921], [0.520613431930542, 0.5034972429275513], [0.5197035670280457, 0.5054351091384888], [0.5172795057296753, 0.5065105557441711], [0.5132296681404114, 0.5071172714233398], [0.510063648223877, 0.5069820284843445], [0.5072965025901794, 0.5067676305770874], [0.5047518610954285, 0.5072896480560303], [0.502534031867981, 0.5076160430908203], [0.501010000705719, 0.5076966881752014], [0.49968552589416504, 0.5076894164085388], [0.4985383152961731, 0.5075756907463074], [0.49759358167648315, 0.5075163841247559], [0.49683907628059387, 0.5073533654212952], [0.4962256848812103, 0.5072230100631714], [0.49572017788887024, 0.5071018934249878], [0.4952809810638428, 0.5069633722305298], [0.49492907524108887, 0.5068520307540894], [0.4946601390838623, 0.5067696571350098], [0.4944581687450409, 0.5066986680030823], [0.4942982792854309, 0.5066401958465576], [0.4941678047180176, 0.5065918564796448], [0.4940575957298279, 0.5065498352050781], [0.49397021532058716, 0.5065164566040039]]
6424|-513997011.3230323|[[0.46388018131256104, 0.47503209114074707], [0.46074187755584717, 0.4743691086769104], [0.46227192878723145, 0.47703132033348083], [0.4637705683708191, 0.4798170328140259], [0.4652845859527588, 0.4829559028148651], [0.4670810103416443, 0.48626449704170227], [0.46940869092941284, 0.4894230365753174], [0.47215938568115234, 0.4929834008216858], [0.4750065505504608, 0.4970584809780121], [0.47787579894065857, 0.5010510683059692], [0.482907772064209, 0.5022265911102295], [0.4884525537490845, 0.5028092265129089], [0.4976979196071625, 0.4980529844760895], [0.5023332238197327, 0.48827487230300903], [0.5076850652694702, 0.4782297611236572], [0.5100024342536926, 0.46868857741355896], [0.5129728317260742, 0.4624383747577667], [0.5129354000091553, 0.45973142981529236], [0.512667715549469, 0.4613882601261139], [0.5139709115028381, 0.4639447033405304], [0.5158408284187317, 0.4633527398109436], [0.5153711438179016, 0.4624463617801666], [0.5168639421463013, 0.4584899842739105], [0.5223535895347595, 0.4581091105937958], [0.5303450226783752, 0.46108779311180115], [0.5306693911552429, 0.4667911231517792], [0.5256767868995667, 0.4786290228366852], [0.5230681896209717, 0.4898580312728882], [0.5214195251464844, 0.4955863654613495], [0.5189038515090942, 0.4968952536582947], [0.5185391306877136, 0.49956899881362915], [0.5173959136009216, 0.5034557580947876], [0.5154078006744385, 0.504778265953064], [0.5128769874572754, 0.5049778819084167], [0.5092353820800781, 0.505366861820221], [0.5063164234161377, 0.5055859684944153], [0.5038219094276428, 0.5059611797332764], [0.5017070770263672, 0.5061997175216675], [0.5000720024108887, 0.5061030387878418], [0.49896255135536194, 0.5058562159538269], [0.4981614947319031, 0.505625307559967], [0.49746155738830566, 0.505394458770752], [0.4968762695789337, 0.5051480531692505], [0.4964078664779663, 0.5049508213996887], [0.49602749943733215, 0.5047973990440369], [0.4957132339477539, 0.5046834945678711], [0.4954741597175598, 0.5045960545539856], [0.49528512358665466, 0.5045261383056641], [0.49513518810272217, 0.5044702887535095], [0.4950163662433624, 0.5044257640838623], [0.4949187934398651, 0.5043931007385254], [0.49484148621559143, 0.5043673515319824], [0.49478042125701904, 0.5043469667434692]]
6716|-473430340.589002|[[0.48217782378196716, 0.4689711928367615], [0.4773780107498169, 0.4692884385585785], [0.4784439504146576, 0.47214412689208984], [0.4794517159461975, 0.4750983715057373], [0.480408638715744, 0.4783642888069153], [0.48154836893081665, 0.4817295968532562], [0.48312926292419434, 0.48513397574424744], [0.4847564995288849, 0.48885175585746765], [0.48647770285606384, 0.4933135211467743], [0.4881874620914459, 0.4975253939628601], [0.4911934733390808, 0.49898773431777954], [0.4952255189418793, 0.4997828006744385], [0.5022037029266357, 0.49650222063064575], [0.5046061277389526, 0.48908811807632446], [0.5107079744338989, 0.4808506369590759], [0.5130487680435181, 0.47246530652046204], [0.5159479975700378, 0.4686959385871887], [0.515902042388916, 0.46655797958374023], [0.5158313512802124, 0.46774762868881226], [0.518308699131012, 0.4683746099472046], [0.5184087753295898, 0.4679543673992157], [0.517626166343689, 0.4671592712402344], [0.5200337171554565, 0.46290913224220276], [0.5261390209197998, 0.4628048539161682], [0.5303013324737549, 0.46415433287620544], [0.5268191695213318, 0.47029268741607666], [0.5195497274398804, 0.481170654296875], [0.5171098709106445, 0.49166107177734375], [0.5143347382545471, 0.4950736165046692], [0.5131120681762695, 0.49760374426841736], [0.5121878981590271, 0.5003133416175842], [0.5109342932701111, 0.5021145939826965], [0.5085030198097229, 0.5028424263000488], [0.5052119493484497, 0.5025696158409119], [0.5011897683143616, 0.5028638243675232], [0.49820446968078613, 0.5032119154930115], [0.4957421123981476, 0.5030534267425537], [0.4940871596336365, 0.5025542378425598], [0.49286454916000366, 0.5022173523902893], [0.49191343784332275, 0.5018094778060913], [0.49104195833206177, 0.5015577673912048], [0.49030229449272156, 0.5013082027435303], [0.48968929052352905, 0.501069962978363], [0.4891955852508545, 0.5008653402328491], [0.48881110548973083, 0.5006989240646362], [0.48851215839385986, 0.50056391954422], [0.4882749319076538, 0.5004560351371765], [0.4880867898464203, 0.5003700852394104], [0.48793771862983704, 0.5003018379211426], [0.48781976103782654, 0.5002477169036865], [0.4877265393733978, 0.5002049803733826], [0.4876530170440674, 0.5001712441444397], [0.48759517073631287, 0.5001447796821594]]
7008|-454527076.120259|[[0.49390915036201477, 0.46070587635040283], [0.48826271295547485, 0.46146467328071594], [0.48897337913513184, 0.4645841419696808], [0.4896133840084076, 0.46786272525787354], [0.49018943309783936, 0.4713939130306244], [0.49091508984565735, 0.4750176668167114], [0.49190670251846313, 0.47884511947631836], [0.4926428198814392, 0.4831227660179138], [0.4935677945613861, 0.488292932510376], [0.4946097135543823, 0.4932722747325897], [0.49590784311294556, 0.4955248534679413], [0.498572438955307, 0.4973091781139374], [0.5031173825263977, 0.49569571018218994], [0.5025883316993713, 0.4905860126018524], [0.5065808892250061, 0.4865211248397827], [0.5081083178520203, 0.48140889406204224], [0.5104013681411743, 0.4799109995365143], [0.5100218653678894, 0.4801883399486542], [0.5096275210380554, 0.48252564668655396], [0.5114765763282776, 0.4835919737815857], [0.5120763182640076, 0.48288649320602417], [0.5125146508216858, 0.4800432026386261], [0.5165183544158936, 0.474609911441803], [0.523247480392456, 0.47241896390914917], [0.526313066482544, 0.4703115224838257], [0.5214254260063171, 0.47476324439048767], [0.5155108571052551, 0.4829554259777069], [0.5139695405960083, 0.4920560121536255], [0.5100517868995667, 0.4940008819103241], [0.5090174674987793, 0.49649104475975037], [0.5074661374092102, 0.4981077015399933], [0.5053204298019409, 0.4991237223148346], [0.5031827688217163, 0.4987714886665344], [0.49958688020706177, 0.498955637216568], [0.4958783984184265, 0.49905726313591003], [0.49301543831825256, 0.49903184175491333], [0.4909195601940155, 0.49864599108695984], [0.48937854170799255, 0.49800416827201843], [0.48818621039390564, 0.49744176864624023], [0.48708075284957886, 0.4969576299190521], [0.48615971207618713, 0.49654605984687805], [0.4854029417037964, 0.49620509147644043], [0.4847738444805145, 0.4959111511707306], [0.4842882752418518, 0.4957182705402374], [0.4839150905609131, 0.4955586791038513], [0.48362836241722107, 0.49542000889778137], [0.4834010899066925, 0.4953077435493469], [0.483223557472229, 0.49522754549980164], [0.483086496591568, 0.4951740503311157], [0.48297953605651855, 0.4951346814632416], [0.48289528489112854, 0.4951033890247345], [0.4828290641307831, 0.4950786530971527], [0.4827771484851837, 0.4950592517852783]]
7300|-418941180.47979856|[[0.5079407691955566, 0.46363237500190735], [0.5033831596374512, 0.46400612592697144], [0.5035610795021057, 0.4671593904495239], [0.5036644339561462, 0.4704754650592804], [0.5037125945091248, 0.47400468587875366], [0.50384122133255, 0.47753453254699707], [0.5039241313934326, 0.4813997447490692], [0.5039278268814087, 0.4857149124145508], [0.5039958953857422, 0.490725040435791], [0.5040482878684998, 0.4957111179828644], [0.503631591796875, 0.4981440007686615], [0.5045841932296753, 0.5002202987670898], [0.5064406394958496, 0.4996674656867981], [0.5037172436714172, 0.4962954819202423], [0.5052871704101562, 0.4953274130821228], [0.5064539909362793, 0.49413037300109863], [0.5077579617500305, 0.4951302409172058], [0.507881760597229, 0.4984181523323059], [0.5073376893997192, 0.5018311738967896], [0.507993757724762, 0.5039942264556885], [0.5092107653617859, 0.5025690793991089], [0.5118773579597473, 0.49881795048713684], [0.51771479845047, 0.4927672743797302], [0.5233398675918579, 0.4863695502281189], [0.5229256749153137, 0.48286333680152893], [0.5174500346183777, 0.4855211079120636], [0.5133770108222961, 0.49263426661491394], [0.5106330513954163, 0.4971817433834076], [0.5079079866409302, 0.49839332699775696], [0.5073274374008179, 0.4975253641605377], [0.5052950978279114, 0.49940624833106995], [0.5033146739006042, 0.5000926852226257], [0.5009860992431641, 0.4999324083328247], [0.4980637729167938, 0.5005517601966858], [0.4951140880584717, 0.5008103251457214], [0.49250587821006775, 0.5003392696380615], [0.49066776037216187, 0.4995559751987457], [0.48926424980163574, 0.4987894296646118], [0.48808565735816956, 0.49822187423706055], [0.4871746003627777, 0.49773263931274414], [0.48648419976234436, 0.49738630652427673], [0.4859369397163391, 0.49711889028549194], [0.4855027496814728, 0.49689722061157227], [0.4851606488227844, 0.49671512842178345], [0.4848695695400238, 0.4965585768222809], [0.48464635014533997, 0.49644190073013306], [0.484483003616333, 0.49635839462280273], [0.48435962200164795, 0.49628254771232605], [0.4842625856399536, 0.49622151255607605], [0.4841858744621277, 0.49617308378219604], [0.48412540555000305, 0.49613484740257263], [0.48407790064811707, 0.49610477685928345], [0.4840410649776459, 0.49608278274536133]]
7592|-403089741.9611897|[[0.5140237808227539, 0.46878311038017273], [0.5102112889289856, 0.46835583448410034], [0.5102381110191345, 0.4714184105396271], [0.5101653337478638, 0.47462141513824463], [0.5099179148674011, 0.4780563712120056], [0.5096429586410522, 0.48153048753738403], [0.5094563364982605, 0.4852778911590576], [0.5090562105178833, 0.48941177129745483], [0.508648693561554, 0.4941418766975403], [0.5081241726875305, 0.49894413352012634], [0.5070940256118774, 0.5012389421463013], [0.5071471929550171, 0.5025797486305237], [0.5077123045921326, 0.5019251108169556], [0.5044782161712646, 0.49794119596481323], [0.503809928894043, 0.49729663133621216], [0.5044707655906677, 0.497428834438324], [0.5052527189254761, 0.4996615946292877], [0.5053136348724365, 0.5042805671691895], [0.5054559707641602, 0.5085799694061279], [0.505668044090271, 0.5118455290794373], [0.5072758197784424, 0.5111913084983826], [0.5114215016365051, 0.5081560611724854], [0.517865777015686, 0.5018802881240845], [0.5229401588439941, 0.4937750995159149], [0.5216675996780396, 0.4897052049636841], [0.5167356133460999, 0.49195507168769836], [0.5131306648254395, 0.49756139516830444], [0.509606659412384, 0.500245988368988], [0.5085499882698059, 0.4999411702156067], [0.5083430409431458, 0.4987661838531494], [0.5069193840026855, 0.501066267490387], [0.50497967004776, 0.5012619495391846], [0.503199577331543, 0.5011345148086548], [0.5008212327957153, 0.5018481612205505], [0.49787136912345886, 0.5021919012069702], [0.4956728518009186, 0.5014032125473022], [0.49419304728507996, 0.5006780028343201], [0.4929617941379547, 0.5000407099723816], [0.49191030859947205, 0.49952957034111023], [0.49109789729118347, 0.49910128116607666], [0.4905456304550171, 0.49876320362091064], [0.4901164472103119, 0.4985061585903168], [0.4897432327270508, 0.49825894832611084], [0.4894178807735443, 0.49802523851394653], [0.4891604781150818, 0.4978340268135071], [0.48897242546081543, 0.49768686294555664], [0.48882007598876953, 0.4975728988647461], [0.48869743943214417, 0.49748364090919495], [0.4885980188846588, 0.4974117875099182], [0.48851874470710754, 0.4973545968532562], [0.48845675587654114, 0.49731093645095825], [0.48840850591659546, 0.4972779452800751], [0.4883706569671631, 0.49725210666656494]]
7884|-400979493.1760539|[[0.5130967497825623, 0.4768980145454407], [0.5100674629211426, 0.475702166557312], [0.5101931095123291, 0.4785251021385193], [0.5101810097694397, 0.48146894574165344], [0.5098753571510315, 0.48460620641708374], [0.5095601677894592, 0.48777398467063904], [0.509303867816925, 0.4913123846054077], [0.5089864134788513, 0.4950837790966034], [0.5085381865501404, 0.49934151768684387], [0.5079733729362488, 0.5037664175033569], [0.5069769620895386, 0.5057876706123352], [0.5072627067565918, 0.5063903331756592], [0.5065294504165649, 0.5053737759590149], [0.5032265186309814, 0.5004313588142395], [0.5001357793807983, 0.49967411160469055], [0.4998745024204254, 0.5003131628036499], [0.5000756978988647, 0.5033096671104431], [0.49981334805488586, 0.5089349150657654], [0.4996626377105713, 0.5146390199661255], [0.49955159425735474, 0.5190887451171875], [0.5018543601036072, 0.5191150903701782], [0.5066133737564087, 0.5161023736000061], [0.5142307877540588, 0.5092309713363647], [0.5202761888504028, 0.5006527304649353], [0.5201378464698792, 0.4953368902206421], [0.5166417956352234, 0.49631112813949585], [0.5129802823066711, 0.5010825991630554], [0.5094583630561829, 0.5036934018135071], [0.5084986090660095, 0.5034279823303223], [0.5092326402664185, 0.5024022459983826], [0.5081700682640076, 0.5049189329147339], [0.5063722729682922, 0.5052587985992432], [0.5049607753753662, 0.5052288770675659], [0.5028523802757263, 0.5058823227882385], [0.5002502202987671, 0.5063550472259521], [0.4982510805130005, 0.5058087706565857], [0.4969104826450348, 0.5052750706672668], [0.49579375982284546, 0.504687488079071], [0.4948861300945282, 0.5041282176971436], [0.494103342294693, 0.5035585761070251], [0.49351003766059875, 0.5031296014785767], [0.49305805563926697, 0.5027810335159302], [0.4927079379558563, 0.5024895668029785], [0.4924217164516449, 0.5022547245025635], [0.4921836853027344, 0.5020688772201538], [0.49199411273002625, 0.5019194483757019], [0.4918489456176758, 0.5018143057823181], [0.4917306900024414, 0.5017319917678833], [0.49163705110549927, 0.5016663670539856], [0.49156299233436584, 0.5016143321990967], [0.49150457978248596, 0.5015730857849121], [0.49145856499671936, 0.5015406012535095], [0.49142247438430786, 0.5015150308609009]]
8176|-407129679.2207687|[[0.506763219833374, 0.48948055505752563], [0.5050082802772522, 0.4869021475315094], [0.5053804516792297, 0.4892332851886749], [0.5053470730781555, 0.4915655255317688], [0.5051621198654175, 0.49413856863975525], [0.5050659775733948, 0.49684327840805054], [0.505118191242218, 0.49982181191444397], [0.5051137208938599, 0.5030819177627563], [0.504915177822113, 0.5067220330238342], [0.5047206878662109, 0.5104002952575684], [0.504158079624176, 0.5115888714790344], [0.5054291486740112, 0.511334240436554], [0.5043788552284241, 0.5092647671699524], [0.5013524293899536, 0.5029850602149963], [0.49722009897232056, 0.5020495653152466], [0.49562332034111023, 0.5028643608093262], [0.4950844645500183, 0.506263256072998], [0.4941534399986267, 0.5128467082977295], [0.49328863620758057, 0.5204371809959412], [0.49298176169395447, 0.5263845324516296], [0.4957033693790436, 0.5279158353805542], [0.5010098218917847, 0.5255038142204285], [0.5089342594146729, 0.5186207890510559], [0.5164044499397278, 0.509909987449646], [0.5185664892196655, 0.503216028213501], [0.5167881846427917, 0.5020169615745544], [0.5135355591773987, 0.5053906440734863], [0.5107253193855286, 0.5081447958946228], [0.5090474486351013, 0.5079678297042847], [0.511117696762085, 0.5065698623657227], [0.5110521912574768, 0.5082257986068726], [0.5100737810134888, 0.5089545845985413], [0.5090863704681396, 0.5082608461380005], [0.5072116851806641, 0.5086955428123474], [0.5052990317344666, 0.5091132521629333], [0.5037010312080383, 0.508749783039093], [0.5024954676628113, 0.5082243084907532], [0.5015595555305481, 0.5074103474617004], [0.5006557703018188, 0.5066142678260803], [0.4999415874481201, 0.5059934854507446], [0.4994235932826996, 0.5055131316184998], [0.4990408718585968, 0.5051056742668152], [0.4987269341945648, 0.504774272441864], [0.4984396994113922, 0.5045091509819031], [0.49819713830947876, 0.5042968392372131], [0.49800384044647217, 0.5041261911392212], [0.497849702835083, 0.5039932727813721], [0.4977208375930786, 0.503891110420227], [0.4976184368133545, 0.5038096308708191], [0.49753719568252563, 0.5037448406219482], [0.4974727928638458, 0.5036934018135071], [0.49742287397384644, 0.503655731678009], [0.49738362431526184, 0.5036287903785706]]
8468|-432024008.5389459|[[0.4935753345489502, 0.4939686357975006], [0.49211403727531433, 0.48960211873054504], [0.49289751052856445, 0.4916350841522217], [0.49334949254989624, 0.4937908947467804], [0.493697851896286, 0.49610021710395813], [0.49413710832595825, 0.49846357107162476], [0.49471214413642883, 0.5010808706283569], [0.4952748715877533, 0.5044087767601013], [0.49573472142219543, 0.5081393718719482], [0.4963432550430298, 0.5117349624633789], [0.49805814027786255, 0.5128642916679382], [0.5002829432487488, 0.5126699805259705], [0.5017595887184143, 0.5095275640487671], [0.49854862689971924, 0.5038427114486694], [0.49603405594825745, 0.5047569274902344], [0.4942120909690857, 0.5066820979118347], [0.49344950914382935, 0.5118722915649414], [0.49260979890823364, 0.5204036235809326], [0.4912393093109131, 0.5299271941184998], [0.4902401864528656, 0.5371589064598083], [0.49274691939353943, 0.5404006838798523], [0.49901410937309265, 0.5377045273780823], [0.5070779919624329, 0.5307864546775818], [0.5148054957389832, 0.5210769772529602], [0.5207759141921997, 0.5127769708633423], [0.5202605128288269, 0.5079582333564758], [0.5177843570709229, 0.5098633170127869], [0.5147987604141235, 0.5123600363731384], [0.5105974674224854, 0.5115827918052673], [0.5128422975540161, 0.5120232701301575], [0.5151058435440063, 0.5124462246894836], [0.5154336094856262, 0.5143254995346069], [0.514717161655426, 0.5130411386489868], [0.5133185982704163, 0.5132213830947876], [0.5117099285125732, 0.5135511159896851], [0.5106312036514282, 0.513375997543335], [0.5097459554672241, 0.5125836133956909], [0.5091302990913391, 0.5116068124771118], [0.5083853602409363, 0.5107958316802979], [0.507646918296814, 0.5100998878479004], [0.507038414478302, 0.5095254182815552], [0.5065520405769348, 0.5090531706809998], [0.5061715245246887, 0.508660078048706], [0.5058857202529907, 0.5083742737770081], [0.505645215511322, 0.5081304311752319], [0.5054502487182617, 0.5079342722892761], [0.5052890181541443, 0.507776141166687], [0.5051562786102295, 0.5076490044593811], [0.5050497055053711, 0.5075477361679077], [0.5049642324447632, 0.5074671506881714], [0.5048960447311401, 0.5074032545089722], [0.5048418045043945, 0.5073527097702026], [0.5047986507415771, 0.5073127746582031]]
8760|-431310909.31305265|[[0.49385717511177063, 0.48982444405555725], [0.49170857667922974, 0.4851682186126709], [0.492266982793808, 0.4871157109737396], [0.4928984045982361, 0.4892605245113373], [0.4933528006076813, 0.49163031578063965], [0.49389705061912537, 0.49411672353744507], [0.4944905638694763, 0.4969058334827423], [0.49500516057014465, 0.5004414319992065], [0.4955992102622986, 0.5045357346534729], [0.49618566036224365, 0.508202314376831], [0.4988877475261688, 0.5096921920776367], [0.5017173886299133, 0.5103801488876343], [0.5045393705368042, 0.5071609020233154], [0.5022948980331421, 0.5024614334106445], [0.500012218952179, 0.5047688484191895], [0.4993414580821991, 0.5078492164611816], [0.4994473159313202, 0.5141912698745728], [0.49955853819847107, 0.5243533253669739], [0.4983936548233032, 0.5345544815063477], [0.49736905097961426, 0.542611837387085], [0.5001651644706726, 0.5464730262756348], [0.5060811638832092, 0.5443972945213318], [0.5129692554473877, 0.5371211171150208], [0.5194337368011475, 0.527488112449646], [0.523952066898346, 0.518189013004303], [0.5218580365180969, 0.5125990509986877], [0.5193710923194885, 0.5130359530448914], [0.5164353251457214, 0.5137377381324768], [0.5132172107696533, 0.5117390155792236], [0.5168214440345764, 0.5109081864356995], [0.5194094181060791, 0.5111111998558044], [0.5203189849853516, 0.5119277238845825], [0.5201563239097595, 0.5103903412818909], [0.5188806056976318, 0.5103538036346436], [0.517675518989563, 0.5101135969161987], [0.5168637633323669, 0.5095621347427368], [0.5162985324859619, 0.5084368586540222], [0.5158661603927612, 0.507304847240448], [0.5151757001876831, 0.5063997507095337], [0.5145801901817322, 0.5056928396224976], [0.5140998959541321, 0.5051349401473999], [0.5137083530426025, 0.5046913027763367], [0.5134230256080627, 0.504287838935852], [0.5131940841674805, 0.5039612054824829], [0.5130195617675781, 0.5037217736244202], [0.512873113155365, 0.5035252571105957], [0.5127454996109009, 0.5033621788024902], [0.5126401782035828, 0.5032317042350769], [0.5125473141670227, 0.5031269788742065], [0.5124695897102356, 0.5030443072319031], [0.5124061703681946, 0.5029797554016113], [0.5123554468154907, 0.5029288530349731], [0.5123149752616882, 0.5028886795043945]]
9052|-449154440.1171275|[[0.48210376501083374, 0.49172136187553406], [0.48045310378074646, 0.4867647886276245], [0.48150554299354553, 0.48866069316864014], [0.48252367973327637, 0.490647554397583], [0.4834013283252716, 0.49283769726753235], [0.4843299984931946, 0.49517616629600525], [0.48528099060058594, 0.4978804290294647], [0.4862785041332245, 0.5011056065559387], [0.487548828125, 0.5049027800559998], [0.4893651604652405, 0.5081602334976196], [0.4939342439174652, 0.5087050795555115], [0.4981611371040344, 0.5089002847671509], [0.5044699907302856, 0.5048295259475708], [0.5044673085212708, 0.5018959641456604], [0.5045251250267029, 0.5047351717948914], [0.5057503581047058, 0.5090036988258362], [0.5074117183685303, 0.5166356563568115], [0.5096107721328735, 0.5286433100700378], [0.5089626908302307, 0.539448618888855], [0.5075668096542358, 0.5489931702613831], [0.511388897895813, 0.5544771552085876], [0.5169332027435303, 0.5529757142066956], [0.5225043296813965, 0.5460101962089539], [0.5265527367591858, 0.5363509058952332], [0.5294862389564514, 0.5246519446372986], [0.5253157019615173, 0.5172580480575562], [0.5212969779968262, 0.5154107213020325], [0.5176382064819336, 0.5139493942260742], [0.5135606527328491, 0.5106367468833923], [0.5152067542076111, 0.5093777179718018], [0.5186367034912109, 0.5094142556190491], [0.5198556184768677, 0.509742021560669], [0.5195798277854919, 0.5090410113334656], [0.518347442150116, 0.5075227618217468], [0.5173469185829163, 0.5068065524101257], [0.5166473388671875, 0.5060829520225525], [0.5160396099090576, 0.504930853843689], [0.5153122544288635, 0.5036737322807312], [0.5147039890289307, 0.5026647448539734], [0.5141832828521729, 0.5017979145050049], [0.5136415362358093, 0.5011218786239624], [0.513221025466919, 0.5005611777305603], [0.5128985643386841, 0.5000969171524048], [0.5126333832740784, 0.49972662329673767], [0.5124124884605408, 0.49941951036453247], [0.5122260451316833, 0.4991722106933594], [0.5120753049850464, 0.49897557497024536], [0.5119536519050598, 0.4988197684288025], [0.5118558406829834, 0.4986964464187622], [0.5117773413658142, 0.49859893321990967], [0.5117158889770508, 0.49852389097213745], [0.5116680860519409, 0.49846652150154114], [0.5116324424743652, 0.4984217882156372]]
9344|-443240566.4248282|[[0.48094719648361206, 0.49228227138519287], [0.4793642461299896, 0.48754605650901794], [0.48048898577690125, 0.4894188344478607], [0.48153674602508545, 0.491364985704422], [0.48245128989219666, 0.4934728741645813], [0.4835067093372345, 0.4956696927547455], [0.484636127948761, 0.49816349148750305], [0.48588836193084717, 0.5009863376617432], [0.4876599907875061, 0.5045127868652344], [0.48993080854415894, 0.5075517892837524], [0.4945939779281616, 0.5079190731048584], [0.5001946687698364, 0.5079755783081055], [0.5087530612945557, 0.5038653016090393], [0.5111952424049377, 0.5006058216094971], [0.5137122869491577, 0.5030271410942078], [0.517116129398346, 0.5069276690483093], [0.5209019780158997, 0.5146711468696594], [0.5245633721351624, 0.5267137289047241], [0.5245948433876038, 0.537800133228302], [0.5227645039558411, 0.5475427508354187], [0.5258246064186096, 0.5537240505218506], [0.529226541519165, 0.5525943040847778], [0.5322315096855164, 0.5458723902702332], [0.5326288342475891, 0.5360216498374939], [0.5309317708015442, 0.5240680575370789], [0.5240095257759094, 0.5173149704933167], [0.5193023085594177, 0.514502227306366], [0.5147043466567993, 0.511569619178772], [0.5113242864608765, 0.5078989267349243], [0.5153751969337463, 0.5064585208892822], [0.5180025100708008, 0.5070234537124634], [0.5193228721618652, 0.5071455836296082], [0.5186982750892639, 0.5064197182655334], [0.5170006155967712, 0.5052240490913391], [0.5160844326019287, 0.5043465495109558], [0.5154420733451843, 0.5036160945892334], [0.5150254368782043, 0.5024404525756836], [0.514372706413269, 0.5012661814689636], [0.513817310333252, 0.5002586841583252], [0.5132591128349304, 0.49935266375541687], [0.5127652883529663, 0.4986725151538849], [0.5123487710952759, 0.49813657999038696], [0.5120185613632202, 0.49770015478134155], [0.5117355585098267, 0.4973476231098175], [0.5115136504173279, 0.4970642924308777], [0.5113419890403748, 0.4968276619911194], [0.5112033486366272, 0.4966370165348053], [0.5110951066017151, 0.4964948296546936], [0.5110081434249878, 0.4963889718055725], [0.5109415054321289, 0.49631011486053467], [0.5108881592750549, 0.49624794721603394], [0.5108454823493958, 0.4961991012096405], [0.5108115077018738, 0.4961607754230499]]
9636|-434920854.36724687|[[0.4848260283470154, 0.4934368431568146], [0.4827389121055603, 0.48924392461776733], [0.48375067114830017, 0.49096211791038513], [0.48452478647232056, 0.4928281009197235], [0.48526066541671753, 0.49489182233810425], [0.4862467646598816, 0.49715709686279297], [0.4873143136501312, 0.4994775652885437], [0.4886447787284851, 0.502227783203125], [0.49030786752700806, 0.5053266882896423], [0.4926457107067108, 0.5078505873680115], [0.49594467878341675, 0.5081192851066589], [0.5013231635093689, 0.5078980922698975], [0.5099583864212036, 0.5031639933586121], [0.5129461288452148, 0.49850496649742126], [0.5157173275947571, 0.4998476505279541], [0.5201834440231323, 0.50257807970047], [0.5242453813552856, 0.5089311599731445], [0.528007447719574, 0.5187678337097168], [0.5287859439849854, 0.5285872220993042], [0.5266348719596863, 0.537078320980072], [0.5287142395973206, 0.5433151125907898], [0.5305984616279602, 0.5422128438949585], [0.5318279266357422, 0.5366265773773193], [0.5297471284866333, 0.5280426740646362], [0.5256885290145874, 0.5181167721748352], [0.5184348821640015, 0.5124752521514893], [0.5137393474578857, 0.509995698928833], [0.5094196796417236, 0.5065633654594421], [0.5068016648292542, 0.5036726593971252], [0.5115987062454224, 0.5026150941848755], [0.5138234496116638, 0.5038341283798218], [0.5144908428192139, 0.5039691925048828], [0.5133981704711914, 0.5033438801765442], [0.5117374062538147, 0.5027830004692078], [0.5109450221061707, 0.5021049976348877], [0.510282039642334, 0.5015576481819153], [0.5098943710327148, 0.5004043579101562], [0.5094539523124695, 0.49919435381889343], [0.5088435411453247, 0.49816861748695374], [0.5083175897598267, 0.4973391890525818], [0.5078575015068054, 0.4966740012168884], [0.5074531435966492, 0.4961361587047577], [0.5071125626564026, 0.49573880434036255], [0.506822943687439, 0.4954253137111664], [0.5065879821777344, 0.4951763451099396], [0.5064093470573425, 0.49496132135391235], [0.5062741637229919, 0.4947777986526489], [0.5061665177345276, 0.4946426749229431], [0.5060810446739197, 0.49453723430633545], [0.506012499332428, 0.49445396661758423], [0.5059577226638794, 0.49438831210136414], [0.505914032459259, 0.49433669447898865], [0.5058797597885132, 0.49429672956466675]]
9928|-431531844.1657248|[[0.48765555024147034, 0.4939625561237335], [0.4852871894836426, 0.49023857712745667], [0.48625972867012024, 0.4919079840183258], [0.4870147407054901, 0.4938909411430359], [0.4877837002277374, 0.49586042761802673], [0.4885631501674652, 0.49799346923828125], [0.4896165132522583, 0.5003554224967957], [0.49089595675468445, 0.5031246542930603], [0.49245157837867737, 0.5062012076377869], [0.49438560009002686, 0.5085005760192871], [0.4968663454055786, 0.5088145136833191], [0.5017289519309998, 0.5083886981010437], [0.5091283917427063, 0.503180205821991], [0.5116717219352722, 0.49766805768013], [0.5136001706123352, 0.4983166456222534], [0.5172817707061768, 0.500188946723938], [0.5205307602882385, 0.5049836039543152], [0.5235334634780884, 0.5127374529838562], [0.5242506861686707, 0.5215907692909241], [0.5218504071235657, 0.529278039932251], [0.5233045816421509, 0.5353453755378723], [0.524350643157959, 0.5343930721282959], [0.5247634053230286, 0.529866099357605], [0.5222450494766235, 0.5227242708206177], [0.5179405212402344, 0.5139872431755066], [0.5115896463394165, 0.5086961388587952], [0.5076199173927307, 0.506005585193634], [0.5039490461349487, 0.5022590160369873], [0.5014703273773193, 0.49880945682525635], [0.5058379769325256, 0.4971919059753418], [0.5077287554740906, 0.4979349374771118], [0.5081230998039246, 0.4978940784931183], [0.5068546533584595, 0.4971590042114258], [0.5051544904708862, 0.4963618218898773], [0.5043380260467529, 0.49557217955589294], [0.5036784410476685, 0.4949599504470825], [0.5032245516777039, 0.4938800632953644], [0.5028359889984131, 0.4925552308559418], [0.5022224187850952, 0.4915032386779785], [0.5016800165176392, 0.4906640946865082], [0.5012385845184326, 0.49000924825668335], [0.5008770227432251, 0.48952266573905945], [0.500556468963623, 0.48910191655158997], [0.5002896189689636, 0.4887644648551941], [0.5000866651535034, 0.4885144531726837], [0.49995097517967224, 0.4883158802986145], [0.4998362362384796, 0.4881661832332611], [0.49974390864372253, 0.4880480170249939], [0.4996698200702667, 0.48795485496520996], [0.4996124804019928, 0.48788416385650635], [0.4995674788951874, 0.48782962560653687], [0.49953165650367737, 0.4877868592739105], [0.4995031952857971, 0.4877534508705139]]
10220|-409903011.12179434|[[0.4998655617237091, 0.4916802644729614], [0.4970155358314514, 0.4885895252227783], [0.4977376461029053, 0.4904710054397583], [0.49831482768058777, 0.49247023463249207], [0.4988642930984497, 0.4945339262485504], [0.4993385970592499, 0.49677374958992004], [0.49981212615966797, 0.4993644952774048], [0.5005113482475281, 0.5021260380744934], [0.5014268755912781, 0.5052135586738586], [0.5020540356636047, 0.507717490196228], [0.5030799508094788, 0.5082754492759705], [0.5067381858825684, 0.5081185102462769], [0.5109614729881287, 0.5036924481391907], [0.5123648643493652, 0.4979751706123352], [0.5127869248390198, 0.49742475152015686], [0.5148911476135254, 0.5000863671302795], [0.5164932012557983, 0.5026061534881592], [0.5185245275497437, 0.5090184211730957], [0.5188542008399963, 0.5171523094177246], [0.5163456797599792, 0.5244437456130981], [0.515935480594635, 0.5290477275848389], [0.5166153311729431, 0.5286160707473755], [0.5161328911781311, 0.5244537591934204], [0.5145415663719177, 0.5183550715446472], [0.5107972621917725, 0.5111483931541443], [0.5055118203163147, 0.5075849890708923], [0.5027934908866882, 0.505660355091095], [0.5002020001411438, 0.5007575750350952], [0.5011835694313049, 0.49665114283561707], [0.5043063163757324, 0.49469679594039917], [0.504949152469635, 0.49510258436203003], [0.5039980411529541, 0.4946688711643219], [0.502702534198761, 0.4937223196029663], [0.5005894899368286, 0.4935414791107178], [0.49963098764419556, 0.49293071031570435], [0.4990112781524658, 0.4919859766960144], [0.4985559284687042, 0.4911433458328247], [0.498035192489624, 0.4901469647884369], [0.4976041316986084, 0.4892650842666626], [0.49716275930404663, 0.4886591136455536], [0.49679332971572876, 0.4881928563117981], [0.4964967966079712, 0.48776933550834656], [0.49627184867858887, 0.4874371588230133], [0.4961004853248596, 0.4871821105480194], [0.49595728516578674, 0.4869863986968994], [0.49584469199180603, 0.4868360757827759], [0.49575740098953247, 0.4867236614227295], [0.4956878125667572, 0.4866352081298828], [0.4956373870372772, 0.48658111691474915], [0.4955931007862091, 0.4865390658378601], [0.4955579340457916, 0.4865061938762665], [0.4955300986766815, 0.48648062348365784], [0.4955081343650818, 0.4864608645439148]]
10512|-391753484.66571957|[[0.510231614112854, 0.4937138259410858], [0.5072206258773804, 0.49107158184051514], [0.507681667804718, 0.4930878281593323], [0.508057177066803, 0.4949624240398407], [0.5083621144294739, 0.4969860911369324], [0.5086072683334351, 0.4992038309574127], [0.5088968873023987, 0.501763641834259], [0.5091035962104797, 0.504406750202179], [0.5092551112174988, 0.5072115659713745], [0.5087288022041321, 0.5095188021659851], [0.5086453557014465, 0.5100246667861938], [0.5106387734413147, 0.5089256167411804], [0.5127761363983154, 0.5049116015434265], [0.5123176574707031, 0.4982476830482483], [0.5102377533912659, 0.49601784348487854], [0.5100674629211426, 0.49778836965560913], [0.5099676251411438, 0.4998020827770233], [0.5101509094238281, 0.504318118095398], [0.5091632008552551, 0.5115677118301392], [0.506148099899292, 0.5182181596755981], [0.5054588317871094, 0.522466242313385], [0.5071388483047485, 0.5222450494766235], [0.5067485570907593, 0.5187540054321289], [0.5067116618156433, 0.5142841339111328], [0.5047304034233093, 0.5086091160774231], [0.5013018250465393, 0.5053796172142029], [0.5003980398178101, 0.5048374533653259], [0.4987487196922302, 0.49992385506629944], [0.5023261308670044, 0.49493905901908875], [0.5045707821846008, 0.4918672442436218], [0.5045717358589172, 0.4922439157962799], [0.50340735912323, 0.4913266599178314], [0.5022762417793274, 0.4903400242328644], [0.5004792809486389, 0.490399569272995], [0.49951601028442383, 0.4901833236217499], [0.498919814825058, 0.48940637707710266], [0.4984005391597748, 0.4886399805545807], [0.4977317154407501, 0.48792847990989685], [0.4972759783267975, 0.48726966977119446], [0.49701833724975586, 0.4867221713066101], [0.49685007333755493, 0.486261785030365], [0.4967561960220337, 0.48589134216308594], [0.49668729305267334, 0.48559507727622986], [0.4966249465942383, 0.48535171151161194], [0.496568500995636, 0.485165536403656], [0.49651581048965454, 0.4850267469882965], [0.49647340178489685, 0.4849209189414978], [0.4964395761489868, 0.4848376512527466], [0.496416300535202, 0.4847833216190338], [0.4963991940021515, 0.48474493622779846], [0.49638572335243225, 0.4847150444984436], [0.4963769316673279, 0.4846920371055603], [0.4963715970516205, 0.48467445373535156]]
10804|-372351079.0973542|[[0.5179029107093811, 0.5087248086929321], [0.5146788358688354, 0.5060142278671265], [0.5150594115257263, 0.5077298879623413], [0.5152696371078491, 0.5092104077339172], [0.5153017640113831, 0.5108298063278198], [0.5152939558029175, 0.512647271156311], [0.5152841806411743, 0.5145902037620544], [0.5151413679122925, 0.5164560675621033], [0.5146704912185669, 0.518040120601654], [0.513592541217804, 0.5191922187805176], [0.5126946568489075, 0.5189551711082458], [0.5134119987487793, 0.5162014365196228], [0.514231264591217, 0.5115611553192139], [0.5124295353889465, 0.5013937950134277], [0.5082902908325195, 0.4970988929271698], [0.5052214860916138, 0.49574393033981323], [0.5033650398254395, 0.4970986843109131], [0.5019056797027588, 0.500342607498169], [0.4998558759689331, 0.5061848163604736], [0.4974440038204193, 0.512462317943573], [0.4969955086708069, 0.5160082578659058], [0.4989989995956421, 0.5166786909103394], [0.5002095103263855, 0.5146806240081787], [0.5015721917152405, 0.5110268592834473], [0.5010807514190674, 0.5061083436012268], [0.4989887773990631, 0.504166841506958], [0.49855661392211914, 0.5033161640167236], [0.49879190325737, 0.49920225143432617], [0.502041757106781, 0.49474960565567017], [0.5027774572372437, 0.49174603819847107], [0.5020281672477722, 0.4924844801425934], [0.5001779794692993, 0.49155038595199585], [0.49889135360717773, 0.4909568130970001], [0.4973753094673157, 0.49167367815971375], [0.4962819814682007, 0.4918558597564697], [0.4950791895389557, 0.4917042851448059], [0.49440065026283264, 0.49141067266464233], [0.49382978677749634, 0.490867018699646], [0.49343588948249817, 0.49041444063186646], [0.49320921301841736, 0.4899882376194], [0.49308541417121887, 0.489621639251709], [0.49298202991485596, 0.48933491110801697], [0.4929130971431732, 0.4890938401222229], [0.4928666353225708, 0.48893609642982483], [0.4928281009197235, 0.4888108968734741], [0.4927976131439209, 0.48870858550071716], [0.49277618527412415, 0.48862627148628235], [0.49275583028793335, 0.4885609745979309], [0.49273818731307983, 0.488509863615036], [0.49272432923316956, 0.4884697496891022], [0.4927135109901428, 0.48843836784362793], [0.4927051365375519, 0.48841392993927], [0.4926987290382385, 0.48839494585990906]]
11096|-361621632.7500391|[[0.518368661403656, 0.5292365550994873], [0.5154091715812683, 0.5261653661727905], [0.5157239437103271, 0.5271029472351074], [0.5158821940422058, 0.528136134147644], [0.5159422159194946, 0.5291128754615784], [0.5158838629722595, 0.5301651954650879], [0.5157124400138855, 0.5313093066215515], [0.5154935121536255, 0.5324063301086426], [0.5152143836021423, 0.5329362154006958], [0.5140535831451416, 0.5327754020690918], [0.5129532217979431, 0.5315325260162354], [0.5133451819419861, 0.5276328325271606], [0.5137969851493835, 0.5215698480606079], [0.5111653208732605, 0.5115225315093994], [0.5062248110771179, 0.5033290982246399], [0.5020385980606079, 0.5003241300582886], [0.4990580379962921, 0.5012030601501465], [0.4962101876735687, 0.5031901001930237], [0.4941769540309906, 0.507902979850769], [0.4920218884944916, 0.5137207508087158], [0.4917476177215576, 0.5169116258621216], [0.4941462576389313, 0.5178377628326416], [0.4967632293701172, 0.5159781575202942], [0.4986950159072876, 0.5121503472328186], [0.49906980991363525, 0.5071966648101807], [0.49810755252838135, 0.5059449076652527], [0.49759334325790405, 0.5049916505813599], [0.49944138526916504, 0.5015565752983093], [0.5014037489891052, 0.49757999181747437], [0.5012397170066833, 0.49600639939308167], [0.5003378987312317, 0.4970884919166565], [0.498198002576828, 0.49714601039886475], [0.4968021512031555, 0.4972569942474365], [0.49544915556907654, 0.49816468358039856], [0.4943850338459015, 0.4987802505493164], [0.4932701289653778, 0.49920350313186646], [0.4924895763397217, 0.49919167160987854], [0.49196839332580566, 0.4990704357624054], [0.49146801233291626, 0.4988099932670593], [0.49122464656829834, 0.4985118508338928], [0.4910929501056671, 0.4982632100582123], [0.49098920822143555, 0.498045414686203], [0.4908999502658844, 0.4978754222393036], [0.4908198118209839, 0.4977594017982483], [0.490757554769516, 0.4976659417152405], [0.49071601033210754, 0.49759167432785034], [0.49068689346313477, 0.49753305315971375], [0.4906634986400604, 0.49748656153678894], [0.49064481258392334, 0.4974497854709625], [0.49063000082969666, 0.49742090702056885], [0.49061840772628784, 0.4973984360694885], [0.49060937762260437, 0.4973808228969574], [0.49060243368148804, 0.49736714363098145]]
11388|-350285503.8722603|[[0.5204187035560608, 0.5424268841743469], [0.5177732110023499, 0.5392971038818359], [0.5179516077041626, 0.5398464202880859], [0.5180649161338806, 0.5404462814331055], [0.5180674195289612, 0.5410348176956177], [0.5179227590560913, 0.5416792035102844], [0.5176639556884766, 0.5423482656478882], [0.5172868371009827, 0.5429357886314392], [0.5169385075569153, 0.5429705381393433], [0.5157885551452637, 0.5419442057609558], [0.5144783854484558, 0.5397316813468933], [0.5148047804832458, 0.5351375937461853], [0.515275239944458, 0.5280857086181641], [0.5121325850486755, 0.5185821652412415], [0.5064264535903931, 0.5089828372001648], [0.501477837562561, 0.5054488778114319], [0.4979845881462097, 0.5057923793792725], [0.49494439363479614, 0.5074880719184875], [0.4928446412086487, 0.5112720131874084], [0.49068596959114075, 0.5166603922843933], [0.49057501554489136, 0.5194204449653625], [0.4932308793067932, 0.5200120806694031], [0.4961851239204407, 0.5183277130126953], [0.49856123328208923, 0.5137451887130737], [0.49935469031333923, 0.5096467733383179], [0.49923935532569885, 0.5092655420303345], [0.49850693345069885, 0.5086540579795837], [0.5013515949249268, 0.5062888860702515], [0.5025104880332947, 0.5032365918159485], [0.5023293495178223, 0.503882884979248], [0.5013989210128784, 0.505954921245575], [0.49931585788726807, 0.5068261027336121], [0.4981728792190552, 0.5077227354049683], [0.4970615804195404, 0.5091217756271362], [0.4960929751396179, 0.5102375745773315], [0.49521753191947937, 0.5109692811965942], [0.4945126175880432, 0.5112113952636719], [0.49403518438339233, 0.5113168954849243], [0.49359798431396484, 0.5112183690071106], [0.493215411901474, 0.5110863447189331], [0.492911696434021, 0.5109659433364868], [0.4927110970020294, 0.5108464360237122], [0.4925537705421448, 0.5107490420341492], [0.49242299795150757, 0.5106597542762756], [0.4923163652420044, 0.5105856657028198], [0.4922352731227875, 0.5105212330818176], [0.4921712875366211, 0.5104705095291138], [0.4921172261238098, 0.510430097579956], [0.49207407236099243, 0.5103977918624878], [0.4920397698879242, 0.5103720426559448], [0.492012619972229, 0.5103515982627869], [0.49199122190475464, 0.5103354454040527], [0.4919742941856384, 0.5103238821029663]]
11680|-358637995.94336617|[[0.5150519013404846, 0.5415805578231812], [0.5125862956047058, 0.5382509827613831], [0.5128923654556274, 0.5388915538787842], [0.5130541920661926, 0.5394910573959351], [0.513228178024292, 0.5401839017868042], [0.5132845044136047, 0.540947437286377], [0.5132445096969604, 0.5417252779006958], [0.5131427049636841, 0.5424296855926514], [0.5132073760032654, 0.542694091796875], [0.5126906633377075, 0.541791558265686], [0.511967658996582, 0.539286196231842], [0.5134319067001343, 0.5354101061820984], [0.5146868228912354, 0.5285376906394958], [0.5118526816368103, 0.5191291570663452], [0.5070904493331909, 0.5100290179252625], [0.5026871562004089, 0.5077322721481323], [0.5002938508987427, 0.508457362651825], [0.49755415320396423, 0.5099844932556152], [0.4955982565879822, 0.513660728931427], [0.4933178722858429, 0.5187695622444153], [0.492847204208374, 0.5216468572616577], [0.4948963522911072, 0.5219890475273132], [0.4973205626010895, 0.5199264883995056], [0.4991520643234253, 0.5159254670143127], [0.5001789331436157, 0.5119730830192566], [0.5003906488418579, 0.5124664902687073], [0.49982526898384094, 0.5130736231803894], [0.5013189911842346, 0.5126594305038452], [0.5030465126037598, 0.5112273097038269], [0.5031952261924744, 0.5129837989807129], [0.502345621585846, 0.516356885433197], [0.500281572341919, 0.5181226134300232], [0.4991966485977173, 0.5196235775947571], [0.49790000915527344, 0.5217338800430298], [0.49674344062805176, 0.5231658816337585], [0.4957839846611023, 0.5239229202270508], [0.4949442744255066, 0.5242235064506531], [0.49441948533058167, 0.5243563652038574], [0.4940544366836548, 0.5243892669677734], [0.4937177300453186, 0.5243775844573975], [0.49345266819000244, 0.5243258476257324], [0.49325650930404663, 0.5242825746536255], [0.49308058619499207, 0.5242611169815063], [0.49294382333755493, 0.5242379307746887], [0.4928319454193115, 0.5242132544517517], [0.4927479922771454, 0.52418053150177], [0.49268031120300293, 0.5241534113883972], [0.4926256239414215, 0.5241329669952393], [0.492581844329834, 0.5241163372993469], [0.492546945810318, 0.5241029262542725], [0.4925192594528198, 0.5240921378135681], [0.49249741435050964, 0.5240834355354309], [0.49248021841049194, 0.5240761637687683]]
11972|-370000310.6891185|[[0.5079951882362366, 0.5421075820922852], [0.5056909322738647, 0.5383521318435669], [0.5061461329460144, 0.5390139818191528], [0.5065017342567444, 0.539610743522644], [0.5068179965019226, 0.5401193499565125], [0.5071545243263245, 0.5409196615219116], [0.5074273943901062, 0.5417531728744507], [0.507724404335022, 0.542573094367981], [0.5081595182418823, 0.5429802536964417], [0.5082287192344666, 0.542293906211853], [0.5084693431854248, 0.5396202206611633], [0.5115994215011597, 0.5360303521156311], [0.5136959552764893, 0.5293666124343872], [0.5114231109619141, 0.5196642875671387], [0.507599413394928, 0.5112131237983704], [0.5044726729393005, 0.5091252326965332], [0.5031256079673767, 0.5098322033882141], [0.5012158751487732, 0.5113527774810791], [0.4994759261608124, 0.5148577094078064], [0.49720606207847595, 0.5197384357452393], [0.496389776468277, 0.5226385593414307], [0.49829551577568054, 0.5222827792167664], [0.5002842545509338, 0.5202476382255554], [0.5019856095314026, 0.5169715285301208], [0.5034131407737732, 0.5130659937858582], [0.5039893984794617, 0.5138084888458252], [0.5042876601219177, 0.5158422589302063], [0.5052844285964966, 0.5167760848999023], [0.508340060710907, 0.5169732570648193], [0.5092154741287231, 0.5188093185424805], [0.5092158317565918, 0.5232853293418884], [0.5078885555267334, 0.5261209607124329], [0.5071362257003784, 0.5281267762184143], [0.505846381187439, 0.5304889678955078], [0.50486159324646, 0.5320809483528137], [0.5040585398674011, 0.5332083702087402], [0.5032598376274109, 0.5337282419204712], [0.5027613639831543, 0.5339464545249939], [0.502426266670227, 0.5340394377708435], [0.5022016167640686, 0.5340420603752136], [0.5019303560256958, 0.533978283405304], [0.5017118453979492, 0.5339540839195251], [0.5015485286712646, 0.5339376926422119], [0.5014232993125916, 0.5339217185974121], [0.5013135075569153, 0.5339019894599915], [0.5012144446372986, 0.53388911485672], [0.5011301040649414, 0.5338707566261292], [0.5010622143745422, 0.5338554382324219], [0.5010077357292175, 0.5338427424430847], [0.5009653568267822, 0.5338279008865356], [0.5009316802024841, 0.5338155627250671], [0.5009048581123352, 0.5338056087493896], [0.5008836388587952, 0.5337975025177002]]
12264|-402337516.09081113|[[0.4933526813983917, 0.5376399159431458], [0.49143654108047485, 0.5336360931396484], [0.4922972321510315, 0.534520149230957], [0.49305224418640137, 0.535439133644104], [0.49377864599227905, 0.5362049341201782], [0.49450185894966125, 0.5369886755943298], [0.49535560607910156, 0.5377538204193115], [0.4963316023349762, 0.5386409759521484], [0.4972474277019501, 0.5394366383552551], [0.49856939911842346, 0.5390771627426147], [0.500596821308136, 0.5363459587097168], [0.5053743124008179, 0.5331614017486572], [0.5081372261047363, 0.526604413986206], [0.5066851377487183, 0.5147350430488586], [0.5043343901634216, 0.507536768913269], [0.5034889578819275, 0.5050559043884277], [0.5021494030952454, 0.5054399371147156], [0.5009044408798218, 0.5072247385978699], [0.4990974962711334, 0.510212779045105], [0.49707502126693726, 0.5150138139724731], [0.4967481195926666, 0.5182693004608154], [0.49867671728134155, 0.518315315246582], [0.5014328360557556, 0.5167333483695984], [0.5032431483268738, 0.5146923661231995], [0.5057437419891357, 0.512509286403656], [0.5070841312408447, 0.512079119682312], [0.5090915560722351, 0.5150125026702881], [0.5097748041152954, 0.5156508088111877], [0.5119833946228027, 0.5176635980606079], [0.5148811340332031, 0.5190529823303223], [0.5157012343406677, 0.5232502222061157], [0.5153924226760864, 0.5272164940834045], [0.5144454836845398, 0.5292482376098633], [0.5133597254753113, 0.5317164659500122], [0.5120826959609985, 0.5336031913757324], [0.5111663341522217, 0.5347709655761719], [0.5104774832725525, 0.5352345705032349], [0.5099227428436279, 0.5353947281837463], [0.5094265341758728, 0.5354893803596497], [0.5090409517288208, 0.5355032682418823], [0.5087393522262573, 0.5354378819465637], [0.5085296630859375, 0.5353051424026489], [0.5083534121513367, 0.5351987481117249], [0.5082055926322937, 0.5351241827011108], [0.5080791115760803, 0.5350587964057922], [0.5079770684242249, 0.5350047945976257], [0.5079030990600586, 0.5349596738815308], [0.507845401763916, 0.5349300503730774], [0.507798969745636, 0.5349063277244568], [0.5077617764472961, 0.5348870754241943], [0.507732093334198, 0.5348715782165527], [0.5077084302902222, 0.5348589420318604], [0.5076897144317627, 0.5348487496376038]]
12556|-435621659.3128592|[[0.48143136501312256, 0.5288639068603516], [0.4791245460510254, 0.5251430869102478], [0.4803980588912964, 0.5263519287109375], [0.4814796447753906, 0.527601957321167], [0.48257189989089966, 0.5287378430366516], [0.483683705329895, 0.5297908186912537], [0.4848794937133789, 0.5308039784431458], [0.4862546920776367, 0.5318074822425842], [0.4880712628364563, 0.5326672792434692], [0.4906790852546692, 0.5329636931419373], [0.49438926577568054, 0.5305675864219666], [0.5000365376472473, 0.5273802876472473], [0.5027601718902588, 0.5204909443855286], [0.5032711029052734, 0.5068679451942444], [0.5027447938919067, 0.5004011392593384], [0.5045787692070007, 0.4970110356807709], [0.5035544633865356, 0.4959093928337097], [0.503044068813324, 0.4964112937450409], [0.5016607046127319, 0.4994123876094818], [0.49966832995414734, 0.5040960907936096], [0.49942702054977417, 0.5082040429115295], [0.5010786652565002, 0.5091121792793274], [0.5041370391845703, 0.5084715485572815], [0.5054872632026672, 0.5082444548606873], [0.5091184377670288, 0.5080142021179199], [0.5094807744026184, 0.50710529088974], [0.5124205350875854, 0.5107160806655884], [0.5148860812187195, 0.5133921504020691], [0.5166575908660889, 0.513421356678009], [0.5211445093154907, 0.5159711837768555], [0.5238379836082458, 0.5192704796791077], [0.5254441499710083, 0.5235366821289062], [0.5251282453536987, 0.524943470954895], [0.52393639087677, 0.5269614458084106], [0.5224884748458862, 0.5289852619171143], [0.5213754773139954, 0.5301823616027832], [0.5209819078445435, 0.5308423638343811], [0.5203440189361572, 0.5306999087333679], [0.5198206305503845, 0.5305145978927612], [0.5194529294967651, 0.5303962230682373], [0.5191347599029541, 0.5302952527999878], [0.5188245177268982, 0.5301854610443115], [0.5185381770133972, 0.5300530791282654], [0.518280029296875, 0.5299590229988098], [0.5181005001068115, 0.5298629403114319], [0.5179802179336548, 0.529789924621582], [0.517888069152832, 0.529742419719696], [0.5178096890449524, 0.5297073721885681], [0.5177462100982666, 0.5296797156333923], [0.5176951885223389, 0.5296575427055359], [0.517653226852417, 0.5296418070793152], [0.5176204442977905, 0.5296295881271362], [0.5175942182540894, 0.5296198129653931]]
